-- phpMyAdmin SQL Dump
-- version 5.2.1
-- https://www.phpmyadmin.net/
--
-- 主機： 127.0.0.1
-- 產生時間： 2025-07-28 10:45:08
-- 伺服器版本： 10.4.32-MariaDB
-- PHP 版本： 8.2.12

SET SQL_MODE = "NO_AUTO_VALUE_ON_ZERO";
START TRANSACTION;
SET time_zone = "+00:00";


/*!40101 SET @OLD_CHARACTER_SET_CLIENT=@@CHARACTER_SET_CLIENT */;
/*!40101 SET @OLD_CHARACTER_SET_RESULTS=@@CHARACTER_SET_RESULTS */;
/*!40101 SET @OLD_COLLATION_CONNECTION=@@COLLATION_CONNECTION */;
/*!40101 SET NAMES utf8mb4 */;

--
-- 資料庫： `yunfu`
--

-- --------------------------------------------------------

--
-- 資料表結構 `cache`
--

CREATE TABLE `cache` (
  `key` varchar(255) NOT NULL,
  `value` mediumtext NOT NULL,
  `expiration` int(11) NOT NULL
) ENGINE=InnoDB DEFAULT CHARSET=utf8mb4 COLLATE=utf8mb4_general_ci;

--
-- 傾印資料表的資料 `cache`
--

INSERT INTO `cache` (`key`, `value`, `expiration`) VALUES
('captcha_003aff5216ffbe4356c5ac57a3b59ae8', 'a:5:{i:0;s:1:\"d\";i:1;s:1:\"q\";i:2;s:1:\"y\";i:3;s:1:\"f\";i:4;s:1:\"8\";}', 1753432924),
('captcha_004daaea7fb32b0b65dbf04a058d16f3', 'a:5:{i:0;s:1:\"g\";i:1;s:1:\"m\";i:2;s:1:\"3\";i:3;s:1:\"z\";i:4;s:1:\"m\";}', 1753432949),
('captcha_00691740ac2dc6ca04b8b382b1641947', 'a:5:{i:0;s:1:\"7\";i:1;s:1:\"t\";i:2;s:1:\"a\";i:3;s:1:\"n\";i:4;s:1:\"b\";}', 1753425217),
('captcha_00e01d384407a780d144d1bcae9b40a9', 'a:5:{i:0;s:1:\"3\";i:1;s:1:\"c\";i:2;s:1:\"r\";i:3;s:1:\"b\";i:4;s:1:\"z\";}', 1753427789),
('captcha_05148d66d1de8a0a3a894ae5ee2c3772', 'a:5:{i:0;s:1:\"g\";i:1;s:1:\"3\";i:2;s:1:\"3\";i:3;s:1:\"t\";i:4;s:1:\"2\";}', 1753428833),
('captcha_059bf8a49816f1e685b552403f0c94f2', 'a:5:{i:0;s:1:\"6\";i:1;s:1:\"h\";i:2;s:1:\"c\";i:3;s:1:\"z\";i:4;s:1:\"c\";}', 1753439283),
('captcha_063e2bf9fcb0410e78e6fad94638c216', 'a:5:{i:0;s:1:\"6\";i:1;s:1:\"d\";i:2;s:1:\"n\";i:3;s:1:\"y\";i:4;s:1:\"b\";}', 1753352443),
('captcha_072e839fa7e66c46b41f29f02ad0ca89', 'a:5:{i:0;s:1:\"f\";i:1;s:1:\"m\";i:2;s:1:\"8\";i:3;s:1:\"6\";i:4;s:1:\"c\";}', 1753428663),
('captcha_0b3cdaae677254c0e0ba46230d76899d', 'a:5:{i:0;s:1:\"m\";i:1;s:1:\"4\";i:2;s:1:\"r\";i:3;s:1:\"a\";i:4;s:1:\"a\";}', 1753427760),
('captcha_0cc92561090dd292620e4571f8f0bdf8', 'a:5:{i:0;s:1:\"p\";i:1;s:1:\"a\";i:2;s:1:\"6\";i:3;s:1:\"m\";i:4;s:1:\"q\";}', 1753424719),
('captcha_0d6fe5f2ea837e3a140826ca674174a2', 'a:5:{i:0;s:1:\"m\";i:1;s:1:\"z\";i:2;s:1:\"2\";i:3;s:1:\"h\";i:4;s:1:\"a\";}', 1753425085),
('captcha_0e07ba65db378dbfd56833562679a6fd', 'a:5:{i:0;s:1:\"e\";i:1;s:1:\"q\";i:2;s:1:\"d\";i:3;s:1:\"u\";i:4;s:1:\"x\";}', 1753425111),
('captcha_0e18f11cf9b6fbae7c7025b26a1274e0', 'a:5:{i:0;s:1:\"m\";i:1;s:1:\"g\";i:2;s:1:\"8\";i:3;s:1:\"u\";i:4;s:1:\"n\";}', 1753432289),
('captcha_0e515ee6a68778527422dffbfbdbdf51', 'a:5:{i:0;s:1:\"u\";i:1;s:1:\"j\";i:2;s:1:\"b\";i:3;s:1:\"q\";i:4;s:1:\"2\";}', 1753428872),
('captcha_1089efc187716239a0ae3f8b14ad5e02', 'a:5:{i:0;s:1:\"6\";i:1;s:1:\"n\";i:2;s:1:\"t\";i:3;s:1:\"q\";i:4;s:1:\"f\";}', 1753429592),
('captcha_10dbeffeb1458eb4a0d786a5cf4337bc', 'a:9:{i:0;s:1:\"z\";i:1;s:1:\"g\";i:2;s:1:\"j\";i:3;s:1:\"z\";i:4;s:1:\"j\";i:5;s:1:\"j\";i:6;s:1:\"e\";i:7;s:1:\"3\";i:8;s:1:\"e\";}', 1753350620),
('captcha_1196a4751e4df524cf1d9d5f992629e4', 'a:5:{i:0;s:1:\"u\";i:1;s:1:\"j\";i:2;s:1:\"u\";i:3;s:1:\"g\";i:4;s:1:\"x\";}', 1753428756),
('captcha_11ebd5ddb6e85e95724ce9efd1c93558', 'a:5:{i:0;s:1:\"c\";i:1;s:1:\"a\";i:2;s:1:\"m\";i:3;s:1:\"c\";i:4;s:1:\"x\";}', 1753425038),
('captcha_11ed6771a2c22ff3b750feb337904d09', 'a:5:{i:0;s:1:\"r\";i:1;s:1:\"g\";i:2;s:1:\"p\";i:3;s:1:\"q\";i:4;s:1:\"3\";}', 1753351887),
('captcha_124f3a67cb9b315927cce756e8e5ef6a', 'a:5:{i:0;s:1:\"y\";i:1;s:1:\"g\";i:2;s:1:\"u\";i:3;s:1:\"c\";i:4;s:1:\"z\";}', 1753433945),
('captcha_12bd827617b54d129555f22c3fdcb7a7', 'a:5:{i:0;s:1:\"t\";i:1;s:1:\"d\";i:2;s:1:\"p\";i:3;s:1:\"y\";i:4;s:1:\"7\";}', 1753427770),
('captcha_12ed94411fd39b9eb8cb4a497ea19a1b', 'a:5:{i:0;s:1:\"u\";i:1;s:1:\"j\";i:2;s:1:\"a\";i:3;s:1:\"n\";i:4;s:1:\"h\";}', 1753425175),
('captcha_12ee7122b273a370c7c15d76bac4fd45', 'a:5:{i:0;s:1:\"u\";i:1;s:1:\"8\";i:2;s:1:\"p\";i:3;s:1:\"9\";i:4;s:1:\"d\";}', 1753432270),
('captcha_13628858d5d5bce0bfe0e5376d0ea3ca', 'a:5:{i:0;s:1:\"m\";i:1;s:1:\"4\";i:2;s:1:\"x\";i:3;s:1:\"c\";i:4;s:1:\"q\";}', 1753429333),
('captcha_1391c845e7716c436b2dc9726afd42a1', 'a:9:{i:0;s:1:\"y\";i:1;s:1:\"q\";i:2;s:1:\"q\";i:3;s:1:\"m\";i:4;s:1:\"9\";i:5;s:1:\"d\";i:6;s:1:\"t\";i:7;s:1:\"4\";i:8;s:1:\"r\";}', 1753351342),
('captcha_13fb73c9e9705d2ac2bb68009378bf2d', 'a:5:{i:0;s:1:\"c\";i:1;s:1:\"r\";i:2;s:1:\"h\";i:3;s:1:\"f\";i:4;s:1:\"t\";}', 1753439486),
('captcha_13fc3bacff9a96aa09acd183d8f2795b', 'a:5:{i:0;s:1:\"n\";i:1;s:1:\"x\";i:2;s:1:\"b\";i:3;s:1:\"x\";i:4;s:1:\"q\";}', 1753433195),
('captcha_142e429306b86c6229bfe2af0cf47705', 'a:5:{i:0;s:1:\"n\";i:1;s:1:\"t\";i:2;s:1:\"n\";i:3;s:1:\"g\";i:4;s:1:\"q\";}', 1753428820),
('captcha_14b30799ad757c6e7681f8b738bf0e44', 'a:5:{i:0;s:1:\"m\";i:1;s:1:\"a\";i:2;s:1:\"t\";i:3;s:1:\"t\";i:4;s:1:\"t\";}', 1753425057),
('captcha_14b3d20cbac54043b29587a9c37ea19f', 'a:5:{i:0;s:1:\"j\";i:1;s:1:\"u\";i:2;s:1:\"m\";i:3;s:1:\"c\";i:4;s:1:\"z\";}', 1753433263),
('captcha_14f0efbb85237953c7aa2d789e1c44a6', 'a:5:{i:0;s:1:\"n\";i:1;s:1:\"g\";i:2;s:1:\"g\";i:3;s:1:\"j\";i:4;s:1:\"p\";}', 1753429430),
('captcha_15ab2477ff8fc076426d4882132cb0f1', 'a:5:{i:0;s:1:\"b\";i:1;s:1:\"j\";i:2;s:1:\"y\";i:3;s:1:\"e\";i:4;s:1:\"2\";}', 1753427550),
('captcha_16063ad7879e40579ba9d5adb0c8ce91', 'a:5:{i:0;s:1:\"t\";i:1;s:1:\"r\";i:2;s:1:\"b\";i:3;s:1:\"r\";i:4;s:1:\"h\";}', 1753425001),
('captcha_167a793e06f59782115cf52f05ff01dd', 'a:5:{i:0;s:1:\"h\";i:1;s:1:\"f\";i:2;s:1:\"f\";i:3;s:1:\"9\";i:4;s:1:\"z\";}', 1753425083),
('captcha_167f1aa4e26179ebdc00906197cb85b4', 'a:5:{i:0;s:1:\"f\";i:1;s:1:\"f\";i:2;s:1:\"d\";i:3;s:1:\"e\";i:4;s:1:\"m\";}', 1753428135),
('captcha_177346a9267408ecb3691eb7d950dc43', 'a:5:{i:0;s:1:\"y\";i:1;s:1:\"p\";i:2;s:1:\"f\";i:3;s:1:\"y\";i:4;s:1:\"j\";}', 1753429365),
('captcha_17c81b0c5e02c5fd8f688618cc2c9acd', 'a:5:{i:0;s:1:\"9\";i:1;s:1:\"d\";i:2;s:1:\"f\";i:3;s:1:\"8\";i:4;s:1:\"j\";}', 1753425133),
('captcha_1860fe558e10c283e0d89c1c7c2bcdc1', 'a:5:{i:0;s:1:\"n\";i:1;s:1:\"b\";i:2;s:1:\"d\";i:3;s:1:\"m\";i:4;s:1:\"h\";}', 1753425153),
('captcha_188bceba3ecf26c89b71a5e1aa15ae08', 'a:5:{i:0;s:1:\"x\";i:1;s:1:\"3\";i:2;s:1:\"x\";i:3;s:1:\"z\";i:4;s:1:\"x\";}', 1753355778),
('captcha_18a6ffe3c3dc4da136d90cce7be5ada4', 'a:5:{i:0;s:1:\"m\";i:1;s:1:\"r\";i:2;s:1:\"j\";i:3;s:1:\"2\";i:4;s:1:\"t\";}', 1753427804),
('captcha_1a736d41a4a3ae564bc1319b4eb0bebd', 'a:5:{i:0;s:1:\"2\";i:1;s:1:\"x\";i:2;s:1:\"b\";i:3;s:1:\"z\";i:4;s:1:\"z\";}', 1753430615),
('captcha_1a887194731e2bc309f537dd4d0f2b99', 'a:5:{i:0;s:1:\"3\";i:1;s:1:\"t\";i:2;s:1:\"x\";i:3;s:1:\"r\";i:4;s:1:\"j\";}', 1753425147),
('captcha_1b6c640ecab44ceb08ecfcc20cb27f94', 'a:5:{i:0;s:1:\"r\";i:1;s:1:\"8\";i:2;s:1:\"b\";i:3;s:1:\"z\";i:4;s:1:\"y\";}', 1753430610),
('captcha_1ba5be6da31e13768b94ec0e69b046b4', 'a:5:{i:0;s:1:\"y\";i:1;s:1:\"3\";i:2;s:1:\"4\";i:3;s:1:\"x\";i:4;s:1:\"g\";}', 1753429897),
('captcha_1bc781e07baa7b57062f717da8fefd31', 'a:5:{i:0;s:1:\"q\";i:1;s:1:\"c\";i:2;s:1:\"7\";i:3;s:1:\"z\";i:4;s:1:\"f\";}', 1753430522),
('captcha_1c1eef04f2c287472e4a58c40fb73e9a', 'a:5:{i:0;s:1:\"z\";i:1;s:1:\"b\";i:2;s:1:\"9\";i:3;s:1:\"q\";i:4;s:1:\"g\";}', 1753432720),
('captcha_1c76b6a874a3fa53ad902214ba072552', 'a:5:{i:0;s:1:\"4\";i:1;s:1:\"6\";i:2;s:1:\"b\";i:3;s:1:\"f\";i:4;s:1:\"g\";}', 1753428079),
('captcha_1cbbb0fcb0edc54c327c13d1ea4b40b4', 'a:5:{i:0;s:1:\"d\";i:1;s:1:\"g\";i:2;s:1:\"j\";i:3;s:1:\"n\";i:4;s:1:\"e\";}', 1753429721),
('captcha_1cf9d616377bcc782ed89a8031fc552c', 'a:5:{i:0;s:1:\"q\";i:1;s:1:\"n\";i:2;s:1:\"y\";i:3;s:1:\"g\";i:4;s:1:\"e\";}', 1753432961),
('captcha_1dacc4a782c8adcd174e74145cef0ac7', 'a:5:{i:0;s:1:\"n\";i:1;s:1:\"p\";i:2;s:1:\"a\";i:3;s:1:\"j\";i:4;s:1:\"m\";}', 1753355802),
('captcha_1dd6aeeb6d00f5f803b6b00ff86f5cc2', 'a:5:{i:0;s:1:\"d\";i:1;s:1:\"f\";i:2;s:1:\"r\";i:3;s:1:\"e\";i:4;s:1:\"m\";}', 1753433621),
('captcha_2023ce48d894b83a33973e8bbfc3b035', 'a:5:{i:0;s:1:\"u\";i:1;s:1:\"f\";i:2;s:1:\"a\";i:3;s:1:\"y\";i:4;s:1:\"c\";}', 1753427560),
('captcha_207b14c891d85736391b833eda020db5', 'a:5:{i:0;s:1:\"r\";i:1;s:1:\"j\";i:2;s:1:\"m\";i:3;s:1:\"n\";i:4;s:1:\"3\";}', 1753428882),
('captcha_211cd72ef7a3d5af9e2b3e9d74273780', 'a:5:{i:0;s:1:\"c\";i:1;s:1:\"p\";i:2;s:1:\"f\";i:3;s:1:\"a\";i:4;s:1:\"p\";}', 1753429356),
('captcha_2130fad8775062fc1e81a41adee1d3fb', 'a:5:{i:0;s:1:\"r\";i:1;s:1:\"c\";i:2;s:1:\"g\";i:3;s:1:\"8\";i:4;s:1:\"h\";}', 1753425510),
('captcha_21f7f361124b27292f594a17f01bea99', 'a:5:{i:0;s:1:\"8\";i:1;s:1:\"q\";i:2;s:1:\"x\";i:3;s:1:\"p\";i:4;s:1:\"t\";}', 1753355678),
('captcha_223036b44ca47810e6a2faa6b3903bf1', 'a:5:{i:0;s:1:\"x\";i:1;s:1:\"q\";i:2;s:1:\"j\";i:3;s:1:\"8\";i:4;s:1:\"3\";}', 1753432216),
('captcha_22deea794a96db6a4f23dee69074224a', 'a:5:{i:0;s:1:\"y\";i:1;s:1:\"z\";i:2;s:1:\"d\";i:3;s:1:\"m\";i:4;s:1:\"y\";}', 1753432543),
('captcha_2320390cb4a9e9aee639b91ea53547d9', 'a:5:{i:0;s:1:\"u\";i:1;s:1:\"6\";i:2;s:1:\"t\";i:3;s:1:\"a\";i:4;s:1:\"f\";}', 1753431416),
('captcha_23300c8585f3fc232f1e4e9463b4c842', 'a:5:{i:0;s:1:\"d\";i:1;s:1:\"c\";i:2;s:1:\"2\";i:3;s:1:\"u\";i:4;s:1:\"m\";}', 1753425008),
('captcha_2739b80bb4a4e6b61df146da1d178e62', 'a:5:{i:0;s:1:\"e\";i:1;s:1:\"2\";i:2;s:1:\"e\";i:3;s:1:\"e\";i:4;s:1:\"y\";}', 1753427784),
('captcha_290795d4270031e3d75cf3f532559edb', 'a:5:{i:0;s:1:\"b\";i:1;s:1:\"b\";i:2;s:1:\"y\";i:3;s:1:\"f\";i:4;s:1:\"x\";}', 1753432074),
('captcha_295bdba4bf8b6bcff6eb420ebe33f678', 'a:5:{i:0;s:1:\"3\";i:1;s:1:\"p\";i:2;s:1:\"r\";i:3;s:1:\"t\";i:4;s:1:\"a\";}', 1753432487),
('captcha_2ab1b817296fe1c946895c2b4509d88b', 'a:5:{i:0;s:1:\"n\";i:1;s:1:\"b\";i:2;s:1:\"u\";i:3;s:1:\"j\";i:4;s:1:\"p\";}', 1753433762),
('captcha_2c324f1f342e6f5efc9dea262077d433', 'a:5:{i:0;s:1:\"f\";i:1;s:1:\"7\";i:2;s:1:\"j\";i:3;s:1:\"f\";i:4;s:1:\"6\";}', 1753425107),
('captcha_2db175bb839fc4e994d9dd946ad0829c', 'a:9:{i:0;s:1:\"3\";i:1;s:1:\"m\";i:2;s:1:\"d\";i:3;s:1:\"q\";i:4;s:1:\"y\";i:5;s:1:\"6\";i:6;s:1:\"3\";i:7;s:1:\"p\";i:8;s:1:\"8\";}', 1753351382),
('captcha_2db1872173d8b00fc6b297f191e40654', 'a:5:{i:0;s:1:\"r\";i:1;s:1:\"q\";i:2;s:1:\"j\";i:3;s:1:\"z\";i:4;s:1:\"d\";}', 1753351873),
('captcha_2e673306f8186a6ff30ae56af81b36ed', 'a:5:{i:0;s:1:\"2\";i:1;s:1:\"f\";i:2;s:1:\"r\";i:3;s:1:\"u\";i:4;s:1:\"t\";}', 1753432272),
('captcha_2eab59cf140221738af50af77010d9e2', 'a:5:{i:0;s:1:\"a\";i:1;s:1:\"g\";i:2;s:1:\"a\";i:3;s:1:\"y\";i:4;s:1:\"3\";}', 1753427547),
('captcha_2f084734fcc34147c04850b62a7d3b31', 'a:5:{i:0;s:1:\"t\";i:1;s:1:\"g\";i:2;s:1:\"y\";i:3;s:1:\"p\";i:4;s:1:\"q\";}', 1753428848),
('captcha_2fd56927f9d87d9b47b497f7a68a7d2c', 'a:5:{i:0;s:1:\"6\";i:1;s:1:\"9\";i:2;s:1:\"g\";i:3;s:1:\"u\";i:4;s:1:\"a\";}', 1753433093),
('captcha_3088a008066367c89f2e094b5a51cc68', 'a:5:{i:0;s:1:\"a\";i:1;s:1:\"x\";i:2;s:1:\"9\";i:3;s:1:\"m\";i:4;s:1:\"x\";}', 1753433892),
('captcha_3308f10882fcb43da8c58e925dd837f7', 'a:5:{i:0;s:1:\"d\";i:1;s:1:\"n\";i:2;s:1:\"2\";i:3;s:1:\"r\";i:4;s:1:\"8\";}', 1753431995),
('captcha_3330b14d2312462f4e8ad4a631db6fb1', 'a:5:{i:0;s:1:\"h\";i:1;s:1:\"p\";i:2;s:1:\"n\";i:3;s:1:\"7\";i:4;s:1:\"r\";}', 1753432403),
('captcha_33421cb6d2b867d35fcfc052a8c2d8cb', 'a:5:{i:0;s:1:\"e\";i:1;s:1:\"r\";i:2;s:1:\"8\";i:3;s:1:\"u\";i:4;s:1:\"q\";}', 1753428793),
('captcha_33715ab6e06fe8e7d38aa4416dde0e76', 'a:5:{i:0;s:1:\"h\";i:1;s:1:\"c\";i:2;s:1:\"t\";i:3;s:1:\"m\";i:4;s:1:\"2\";}', 1753428779),
('captcha_343b3f46257df092f553def45dad8a94', 'a:5:{i:0;s:1:\"p\";i:1;s:1:\"g\";i:2;s:1:\"d\";i:3;s:1:\"r\";i:4;s:1:\"e\";}', 1753429508),
('captcha_3689706cb519ff82e749cdad06a8acbb', 'a:5:{i:0;s:1:\"r\";i:1;s:1:\"n\";i:2;s:1:\"x\";i:3;s:1:\"b\";i:4;s:1:\"t\";}', 1753425026),
('captcha_37e860854213327abc79bdcc637840f6', 'a:5:{i:0;s:1:\"g\";i:1;s:1:\"2\";i:2;s:1:\"p\";i:3;s:1:\"d\";i:4;s:1:\"t\";}', 1753425227),
('captcha_38a9da873b790f56c0b94826126d7767', 'a:5:{i:0;s:1:\"b\";i:1;s:1:\"8\";i:2;s:1:\"m\";i:3;s:1:\"h\";i:4;s:1:\"u\";}', 1753430630),
('captcha_398480ce48fc73628b74eb1cb717d3f1', 'a:5:{i:0;s:1:\"r\";i:1;s:1:\"x\";i:2;s:1:\"t\";i:3;s:1:\"h\";i:4;s:1:\"b\";}', 1753432940),
('captcha_3ae8c2c0bd4778943a1f65bf53e9b3bc', 'a:5:{i:0;s:1:\"n\";i:1;s:1:\"z\";i:2;s:1:\"c\";i:3;s:1:\"r\";i:4;s:1:\"t\";}', 1753355424),
('captcha_3b09c5cab4eb591d46f8394ccb5ce3a5', 'a:5:{i:0;s:1:\"p\";i:1;s:1:\"q\";i:2;s:1:\"h\";i:3;s:1:\"8\";i:4;s:1:\"j\";}', 1753424793),
('captcha_3b97cf916debe8f9bf685f15a5d36cb6', 'a:5:{i:0;s:1:\"j\";i:1;s:1:\"m\";i:2;s:1:\"y\";i:3;s:1:\"a\";i:4;s:1:\"h\";}', 1753352440),
('captcha_3cdd7fde1067a77b5107f3b6523f7094', 'a:5:{i:0;s:1:\"h\";i:1;s:1:\"b\";i:2;s:1:\"n\";i:3;s:1:\"u\";i:4;s:1:\"b\";}', 1753433227),
('captcha_3e1e073f76cf088a2d74d4a9bb1de6c6', 'a:5:{i:0;s:1:\"d\";i:1;s:1:\"q\";i:2;s:1:\"f\";i:3;s:1:\"7\";i:4;s:1:\"d\";}', 1753355776),
('captcha_3f511124033c97164b9e8d82ac597507', 'a:5:{i:0;s:1:\"y\";i:1;s:1:\"6\";i:2;s:1:\"u\";i:3;s:1:\"r\";i:4;s:1:\"b\";}', 1753432285),
('captcha_3f6fc77e876b9ce5f9038e6af2994e45', 'a:5:{i:0;s:1:\"d\";i:1;s:1:\"n\";i:2;s:1:\"j\";i:3;s:1:\"x\";i:4;s:1:\"c\";}', 1753428755),
('captcha_3f6fe8276f5d779ff3836106ba87a536', 'a:5:{i:0;s:1:\"e\";i:1;s:1:\"x\";i:2;s:1:\"z\";i:3;s:1:\"h\";i:4;s:1:\"x\";}', 1753425114),
('captcha_40e7548fb0714ffaf2424dae559dc4c1', 'a:5:{i:0;s:1:\"y\";i:1;s:1:\"u\";i:2;s:1:\"r\";i:3;s:1:\"b\";i:4;s:1:\"u\";}', 1753428809),
('captcha_4187e91582b23976efae9bec16fec00c', 'a:5:{i:0;s:1:\"r\";i:1;s:1:\"a\";i:2;s:1:\"a\";i:3;s:1:\"2\";i:4;s:1:\"p\";}', 1753354326),
('captcha_46276ac079ab5270103a7b9ff410dedc', 'a:5:{i:0;s:1:\"x\";i:1;s:1:\"n\";i:2;s:1:\"4\";i:3;s:1:\"m\";i:4;s:1:\"4\";}', 1753432179),
('captcha_4648239c3adefad3421830e1ab529c0f', 'a:5:{i:0;s:1:\"z\";i:1;s:1:\"u\";i:2;s:1:\"c\";i:3;s:1:\"p\";i:4;s:1:\"r\";}', 1753431876),
('captcha_46711f43ecd16e9c9a34ccb1bfda4d72', 'a:5:{i:0;s:1:\"g\";i:1;s:1:\"x\";i:2;s:1:\"t\";i:3;s:1:\"j\";i:4;s:1:\"y\";}', 1753425131),
('captcha_46d7af2001ef1b23802e539f12955b17', 'a:5:{i:0;s:1:\"m\";i:1;s:1:\"r\";i:2;s:1:\"u\";i:3;s:1:\"2\";i:4;s:1:\"x\";}', 1753351865),
('captcha_475444a789a00bd304fb97a319e19000', 'a:5:{i:0;s:1:\"t\";i:1;s:1:\"4\";i:2;s:1:\"a\";i:3;s:1:\"e\";i:4;s:1:\"a\";}', 1753432491),
('captcha_482ccfeda7be784f897b80fca0822ee2', 'a:5:{i:0;s:1:\"n\";i:1;s:1:\"n\";i:2;s:1:\"f\";i:3;s:1:\"h\";i:4;s:1:\"6\";}', 1753425240),
('captcha_487243e7116dd23ed0e5ea898fd0e09d', 'a:5:{i:0;s:1:\"2\";i:1;s:1:\"q\";i:2;s:1:\"3\";i:3;s:1:\"y\";i:4;s:1:\"y\";}', 1753433147),
('captcha_4894f004c155b6f713368e3ec4859caa', 'a:5:{i:0;s:1:\"u\";i:1;s:1:\"x\";i:2;s:1:\"c\";i:3;s:1:\"6\";i:4;s:1:\"u\";}', 1753433115),
('captcha_48eb6fe59f2b2854d3bc3cb317a39f4e', 'a:5:{i:0;s:1:\"h\";i:1;s:1:\"7\";i:2;s:1:\"z\";i:3;s:1:\"j\";i:4;s:1:\"t\";}', 1753429394),
('captcha_4915cb284fef1814c1b94a435874c0ea', 'a:5:{i:0;s:1:\"p\";i:1;s:1:\"7\";i:2;s:1:\"r\";i:3;s:1:\"x\";i:4;s:1:\"e\";}', 1753432267),
('captcha_49ec8aa5b8d276b05acebfdd0afded0b', 'a:5:{i:0;s:1:\"y\";i:1;s:1:\"t\";i:2;s:1:\"x\";i:3;s:1:\"x\";i:4;s:1:\"h\";}', 1753425402),
('captcha_4a53dee10b8da2925ae96d5fa212b206', 'a:5:{i:0;s:1:\"9\";i:1;s:1:\"y\";i:2;s:1:\"z\";i:3;s:1:\"j\";i:4;s:1:\"j\";}', 1753425157),
('captcha_4aa75ba25607075139ce6c21e9f68fb7', 'a:5:{i:0;s:1:\"m\";i:1;s:1:\"p\";i:2;s:1:\"y\";i:3;s:1:\"b\";i:4;s:1:\"3\";}', 1753433761),
('captcha_4ab9a0856db2e42ab78ac2263d70e559', 'a:5:{i:0;s:1:\"b\";i:1;s:1:\"h\";i:2;s:1:\"q\";i:3;s:1:\"x\";i:4;s:1:\"e\";}', 1753439262),
('captcha_4afea6cbee1f36cb68010cbf49d85c73', 'a:5:{i:0;s:1:\"x\";i:1;s:1:\"f\";i:2;s:1:\"h\";i:3;s:1:\"t\";i:4;s:1:\"f\";}', 1753355789),
('captcha_4e81011a1aed8b0ca1384bd06756c9d4', 'a:5:{i:0;s:1:\"e\";i:1;s:1:\"m\";i:2;s:1:\"n\";i:3;s:1:\"t\";i:4;s:1:\"j\";}', 1753432537),
('captcha_4efc56b4b0972e6b77a78212ec4a11c9', 'a:5:{i:0;s:1:\"a\";i:1;s:1:\"m\";i:2;s:1:\"a\";i:3;s:1:\"g\";i:4;s:1:\"z\";}', 1753433941),
('captcha_4fe8612f5f4eaf520d1a4e878ea5830c', 'a:5:{i:0;s:1:\"m\";i:1;s:1:\"c\";i:2;s:1:\"f\";i:3;s:1:\"h\";i:4;s:1:\"q\";}', 1753427758),
('captcha_501fc976c5091964eb435686f9c97f48', 'a:5:{i:0;s:1:\"4\";i:1;s:1:\"b\";i:2;s:1:\"f\";i:3;s:1:\"n\";i:4;s:1:\"r\";}', 1753432463),
('captcha_5057599746f0ec09109afb7702c6ff49', 'a:5:{i:0;s:1:\"c\";i:1;s:1:\"z\";i:2;s:1:\"z\";i:3;s:1:\"m\";i:4;s:1:\"j\";}', 1753425200),
('captcha_517494681d6c503c5f09cd7ed6c9e186', 'a:5:{i:0;s:1:\"b\";i:1;s:1:\"j\";i:2;s:1:\"2\";i:3;s:1:\"g\";i:4;s:1:\"8\";}', 1753429433),
('captcha_51d4214b7362fbbb145586638b0c7683', 'a:5:{i:0;s:1:\"a\";i:1;s:1:\"e\";i:2;s:1:\"n\";i:3;s:1:\"e\";i:4;s:1:\"d\";}', 1753433255),
('captcha_532e3dbfb5adc0a17ad8a47571dfebea', 'a:5:{i:0;s:1:\"y\";i:1;s:1:\"p\";i:2;s:1:\"e\";i:3;s:1:\"m\";i:4;s:1:\"x\";}', 1753424746),
('captcha_54df23c161d41918b21cebae9e440f1a', 'a:5:{i:0;s:1:\"d\";i:1;s:1:\"7\";i:2;s:1:\"d\";i:3;s:1:\"p\";i:4;s:1:\"n\";}', 1753433880),
('captcha_54fba9d24cf83678e3ef3bc83eec774b', 'a:5:{i:0;s:1:\"7\";i:1;s:1:\"g\";i:2;s:1:\"z\";i:3;s:1:\"j\";i:4;s:1:\"3\";}', 1753428845),
('captcha_55f1035e4b02e0b827187ba637d418c2', 'a:5:{i:0;s:1:\"y\";i:1;s:1:\"t\";i:2;s:1:\"r\";i:3;s:1:\"m\";i:4;s:1:\"j\";}', 1753429594),
('captcha_56030526a44b3d9b7840153721487a13', 'a:5:{i:0;s:1:\"q\";i:1;s:1:\"p\";i:2;s:1:\"7\";i:3;s:1:\"q\";i:4;s:1:\"a\";}', 1753429428),
('captcha_565dd2077fc3559b556e31a3208586ee', 'a:5:{i:0;s:1:\"a\";i:1;s:1:\"j\";i:2;s:1:\"3\";i:3;s:1:\"y\";i:4;s:1:\"r\";}', 1753429546),
('captcha_59b4ab16a813dd0d61021e6020c6a3f4', 'a:5:{i:0;s:1:\"7\";i:1;s:1:\"7\";i:2;s:1:\"j\";i:3;s:1:\"c\";i:4;s:1:\"y\";}', 1753430607),
('captcha_59c118e7c893c2f221a19db645bab6e5', 'a:5:{i:0;s:1:\"f\";i:1;s:1:\"z\";i:2;s:1:\"f\";i:3;s:1:\"y\";i:4;s:1:\"j\";}', 1753425042),
('captcha_5bdd9668efb2a74474aa09208dc10930', 'a:5:{i:0;s:1:\"9\";i:1;s:1:\"8\";i:2;s:1:\"4\";i:3;s:1:\"g\";i:4;s:1:\"g\";}', 1753425029),
('captcha_5cb91ae590ea2f14126dc2f12136bddb', 'a:5:{i:0;s:1:\"x\";i:1;s:1:\"b\";i:2;s:1:\"f\";i:3;s:1:\"r\";i:4;s:1:\"g\";}', 1753427548),
('captcha_5cbd292ae088d232cc6a04f85cf1cb7f', 'a:5:{i:0;s:1:\"x\";i:1;s:1:\"r\";i:2;s:1:\"p\";i:3;s:1:\"8\";i:4;s:1:\"z\";}', 1753425010),
('captcha_5e1143e0ef61625e6ad49c723112b8fc', 'a:5:{i:0;s:1:\"6\";i:1;s:1:\"c\";i:2;s:1:\"h\";i:3;s:1:\"6\";i:4;s:1:\"m\";}', 1753351821),
('captcha_5ee2d788caeb0be368e9f63fe136e2f5', 'a:5:{i:0;s:1:\"m\";i:1;s:1:\"x\";i:2;s:1:\"c\";i:3;s:1:\"x\";i:4;s:1:\"m\";}', 1753351883),
('captcha_5ee777a77e995a69e6a523e107cff533', 'a:5:{i:0;s:1:\"y\";i:1;s:1:\"r\";i:2;s:1:\"7\";i:3;s:1:\"m\";i:4;s:1:\"b\";}', 1753426513),
('captcha_607739c37386ee5935dae1c41deead7b', 'a:5:{i:0;s:1:\"t\";i:1;s:1:\"j\";i:2;s:1:\"y\";i:3;s:1:\"r\";i:4;s:1:\"j\";}', 1753425221),
('captcha_60bd71c7b79978b43ca4c7161298dc69', 'a:5:{i:0;s:1:\"q\";i:1;s:1:\"h\";i:2;s:1:\"y\";i:3;s:1:\"4\";i:4;s:1:\"e\";}', 1753432754),
('captcha_60f344aa92b2ae8ef5b5f0f990318def', 'a:5:{i:0;s:1:\"b\";i:1;s:1:\"q\";i:2;s:1:\"t\";i:3;s:1:\"t\";i:4;s:1:\"b\";}', 1753432709),
('captcha_6113f1559c6de870179dc421efc3ecdf', 'a:5:{i:0;s:1:\"p\";i:1;s:1:\"4\";i:2;s:1:\"y\";i:3;s:1:\"y\";i:4;s:1:\"n\";}', 1753427590),
('captcha_61af05911e6179eaee771e3b9b20a748', 'a:5:{i:0;s:1:\"3\";i:1;s:1:\"6\";i:2;s:1:\"h\";i:3;s:1:\"e\";i:4;s:1:\"t\";}', 1753425069),
('captcha_61d75c4c3418fee1a94a14b142515fa9', 'a:9:{i:0;s:1:\"f\";i:1;s:1:\"j\";i:2;s:1:\"z\";i:3;s:1:\"r\";i:4;s:1:\"p\";i:5;s:1:\"6\";i:6;s:1:\"d\";i:7;s:1:\"r\";i:8;s:1:\"7\";}', 1753351457),
('captcha_61f4d956345a606b1a3c59f6168cd77b', 'a:5:{i:0;s:1:\"4\";i:1;s:1:\"t\";i:2;s:1:\"2\";i:3;s:1:\"u\";i:4;s:1:\"h\";}', 1753426969),
('captcha_6265a524fd40a24a6dd3c318b8ae9356', 'a:5:{i:0;s:1:\"u\";i:1;s:1:\"7\";i:2;s:1:\"z\";i:3;s:1:\"y\";i:4;s:1:\"r\";}', 1753432935),
('captcha_62c9b54a124a429f9483c4322492ae08', 'a:5:{i:0;s:1:\"c\";i:1;s:1:\"e\";i:2;s:1:\"h\";i:3;s:1:\"b\";i:4;s:1:\"4\";}', 1753351861),
('captcha_66ba6b897f71df62f2019576a43e9cf0', 'a:9:{i:0;s:1:\"x\";i:1;s:1:\"p\";i:2;s:1:\"t\";i:3;s:1:\"d\";i:4;s:1:\"e\";i:5;s:1:\"3\";i:6;s:1:\"4\";i:7;s:1:\"y\";i:8;s:1:\"e\";}', 1753351342),
('captcha_66f8ea7c9b7cb707b68179c0962e1223', 'a:5:{i:0;s:1:\"a\";i:1;s:1:\"u\";i:2;s:1:\"t\";i:3;s:1:\"9\";i:4;s:1:\"u\";}', 1753427940),
('captcha_6712c45ceae6d366ed24a28a51dfec14', 'a:5:{i:0;s:1:\"j\";i:1;s:1:\"z\";i:2;s:1:\"j\";i:3;s:1:\"d\";i:4;s:1:\"p\";}', 1753429616),
('captcha_67444788b198416e244e69e653dd9d41', 'a:5:{i:0;s:1:\"d\";i:1;s:1:\"n\";i:2;s:1:\"4\";i:3;s:1:\"j\";i:4;s:1:\"8\";}', 1753428830),
('captcha_679583a18e893aeed13020094abf8c39', 'a:5:{i:0;s:1:\"p\";i:1;s:1:\"d\";i:2;s:1:\"h\";i:3;s:1:\"m\";i:4;s:1:\"p\";}', 1753352446),
('captcha_682bc3a31aac6ef0d46aebe232736373', 'a:9:{i:0;s:1:\"d\";i:1;s:1:\"f\";i:2;s:1:\"h\";i:3;s:1:\"m\";i:4;s:1:\"m\";i:5;s:1:\"n\";i:6;s:1:\"x\";i:7;s:1:\"c\";i:8;s:1:\"8\";}', 1753351469),
('captcha_682e39984f1faedea5b62090faf396af', 'a:5:{i:0;s:1:\"z\";i:1;s:1:\"h\";i:2;s:1:\"2\";i:3;s:1:\"u\";i:4;s:1:\"x\";}', 1753430627),
('captcha_6882887c4ee869762f902e1dec5c765c', 'a:5:{i:0;s:1:\"c\";i:1;s:1:\"j\";i:2;s:1:\"x\";i:3;s:1:\"a\";i:4;s:1:\"h\";}', 1753425197),
('captcha_6996b37d8f4f1a096dc8e4f40597ebaf', 'a:5:{i:0;s:1:\"r\";i:1;s:1:\"3\";i:2;s:1:\"a\";i:3;s:1:\"7\";i:4;s:1:\"t\";}', 1753428661),
('captcha_6a48b18b87aee7d5b6420ca70eac08b4', 'a:5:{i:0;s:1:\"r\";i:1;s:1:\"p\";i:2;s:1:\"e\";i:3;s:1:\"h\";i:4;s:1:\"p\";}', 1753428421),
('captcha_6a8dea0696d481ec412b71decbc507c1', 'a:5:{i:0;s:1:\"e\";i:1;s:1:\"m\";i:2;s:1:\"c\";i:3;s:1:\"d\";i:4;s:1:\"f\";}', 1753426282),
('captcha_6d7205cdcf58ae5f733ef4ad951e3f82', 'a:5:{i:0;s:1:\"r\";i:1;s:1:\"y\";i:2;s:1:\"d\";i:3;s:1:\"g\";i:4;s:1:\"7\";}', 1753432194),
('captcha_6d89185abc230e5e6441fe530afff4c9', 'a:5:{i:0;s:1:\"9\";i:1;s:1:\"e\";i:2;s:1:\"m\";i:3;s:1:\"z\";i:4;s:1:\"j\";}', 1753432509),
('captcha_6e74044c5f846ffe7e05c45479d1376e', 'a:5:{i:0;s:1:\"a\";i:1;s:1:\"a\";i:2;s:1:\"6\";i:3;s:1:\"4\";i:4;s:1:\"t\";}', 1753432591),
('captcha_6e8d89179c081168d7dde889be7bdee7', 'a:5:{i:0;s:1:\"8\";i:1;s:1:\"h\";i:2;s:1:\"7\";i:3;s:1:\"j\";i:4;s:1:\"u\";}', 1753429454),
('captcha_6ebcbccae10e0ea99194f04baa8103e1', 'a:5:{i:0;s:1:\"g\";i:1;s:1:\"r\";i:2;s:1:\"y\";i:3;s:1:\"8\";i:4;s:1:\"g\";}', 1753431435),
('captcha_6f910ffc42b1a1577aaaff9d1551c0d5', 'a:5:{i:0;s:1:\"7\";i:1;s:1:\"z\";i:2;s:1:\"d\";i:3;s:1:\"x\";i:4;s:1:\"2\";}', 1753425202),
('captcha_6fb60fb8d67601648bd913d49a04c9af', 'a:5:{i:0;s:1:\"a\";i:1;s:1:\"z\";i:2;s:1:\"y\";i:3;s:1:\"b\";i:4;s:1:\"f\";}', 1753429924),
('captcha_6fda2286dd2624355cb8c36179e2d60b', 'a:9:{i:0;s:1:\"h\";i:1;s:1:\"q\";i:2;s:1:\"t\";i:3;s:1:\"d\";i:4;s:1:\"q\";i:5;s:1:\"a\";i:6;s:1:\"x\";i:7;s:1:\"n\";i:8;s:1:\"j\";}', 1753351386),
('captcha_7099274919e73c5042446f5fb0a9cc3f', 'a:5:{i:0;s:1:\"e\";i:1;s:1:\"c\";i:2;s:1:\"3\";i:3;s:1:\"j\";i:4;s:1:\"9\";}', 1753351910),
('captcha_72a88250710fb1c6987e7ab2244c4062', 'a:5:{i:0;s:1:\"q\";i:1;s:1:\"x\";i:2;s:1:\"t\";i:3;s:1:\"m\";i:4;s:1:\"g\";}', 1753352384),
('captcha_74619efcb3e676ce1875dd6148530cb4', 'a:5:{i:0;s:1:\"u\";i:1;s:1:\"y\";i:2;s:1:\"d\";i:3;s:1:\"r\";i:4;s:1:\"u\";}', 1753428410),
('captcha_7485335394ecfc708557d5180136a35a', 'a:5:{i:0;s:1:\"4\";i:1;s:1:\"n\";i:2;s:1:\"m\";i:3;s:1:\"9\";i:4;s:1:\"8\";}', 1753433188),
('captcha_756c1563317062b4e8aa8eec5461ae7d', 'a:5:{i:0;s:1:\"e\";i:1;s:1:\"j\";i:2;s:1:\"a\";i:3;s:1:\"q\";i:4;s:1:\"d\";}', 1753429896),
('captcha_7610b331a5152e157a04183446a15d2b', 'a:5:{i:0;s:1:\"x\";i:1;s:1:\"m\";i:2;s:1:\"f\";i:3;s:1:\"t\";i:4;s:1:\"c\";}', 1753351851),
('captcha_7613289c5fe02799ad2d3aaf9df91dbb', 'a:5:{i:0;s:1:\"m\";i:1;s:1:\"9\";i:2;s:1:\"t\";i:3;s:1:\"8\";i:4;s:1:\"8\";}', 1753433112),
('captcha_769e53a5a55e9696fd34d191056c5aff', 'a:5:{i:0;s:1:\"g\";i:1;s:1:\"c\";i:2;s:1:\"a\";i:3;s:1:\"m\";i:4;s:1:\"h\";}', 1753432719),
('captcha_76b6e60ab7f5ee3070232e0674b7aaab', 'a:5:{i:0;s:1:\"r\";i:1;s:1:\"p\";i:2;s:1:\"2\";i:3;s:1:\"d\";i:4;s:1:\"d\";}', 1753430500),
('captcha_779a17bf8ddcf22a6436aaadb3f5cd77', 'a:5:{i:0;s:1:\"y\";i:1;s:1:\"r\";i:2;s:1:\"h\";i:3;s:1:\"8\";i:4;s:1:\"2\";}', 1753429337),
('captcha_78aa398d544d2c1770a8e8400f85d768', 'a:5:{i:0;s:1:\"4\";i:1;s:1:\"b\";i:2;s:1:\"p\";i:3;s:1:\"c\";i:4;s:1:\"f\";}', 1753430631),
('captcha_7a41d90b924ae4599146c68b1db6abee', 'a:5:{i:0;s:1:\"8\";i:1;s:1:\"u\";i:2;s:1:\"q\";i:3;s:1:\"3\";i:4;s:1:\"u\";}', 1753425231),
('captcha_7a7b41bd8bb436a444605c2ad2c12a4a', 'a:5:{i:0;s:1:\"y\";i:1;s:1:\"a\";i:2;s:1:\"q\";i:3;s:1:\"2\";i:4;s:1:\"r\";}', 1753433200),
('captcha_7b27e47a573e548e76cd1b4f0475f6ff', 'a:5:{i:0;s:1:\"7\";i:1;s:1:\"y\";i:2;s:1:\"8\";i:3;s:1:\"c\";i:4;s:1:\"b\";}', 1753428817),
('captcha_7b8396b3fe775082b832f91f37c54376', 'a:5:{i:0;s:1:\"h\";i:1;s:1:\"d\";i:2;s:1:\"e\";i:3;s:1:\"2\";i:4;s:1:\"n\";}', 1753425119),
('captcha_7d1350abe599b76b9f956ed715c03af2', 'a:5:{i:0;s:1:\"2\";i:1;s:1:\"7\";i:2;s:1:\"e\";i:3;s:1:\"m\";i:4;s:1:\"q\";}', 1753355662),
('captcha_7d6c01530bef548feac712b219f01da1', 'a:5:{i:0;s:1:\"u\";i:1;s:1:\"j\";i:2;s:1:\"n\";i:3;s:1:\"2\";i:4;s:1:\"g\";}', 1753355752),
('captcha_7d81635e6c8e62165b6606937062defd', 'a:5:{i:0;s:1:\"u\";i:1;s:1:\"x\";i:2;s:1:\"q\";i:3;s:1:\"x\";i:4;s:1:\"e\";}', 1753433083),
('captcha_7e391e25847c02c3a72eaee96bf6a94c', 'a:5:{i:0;s:1:\"a\";i:1;s:1:\"d\";i:2;s:1:\"u\";i:3;s:1:\"t\";i:4;s:1:\"t\";}', 1753425177),
('captcha_7e4cb33c52a296d0e2417fd0ced4c56b', 'a:5:{i:0;s:1:\"b\";i:1;s:1:\"m\";i:2;s:1:\"d\";i:3;s:1:\"n\";i:4;s:1:\"x\";}', 1753429555),
('captcha_7e77df7ec30411d985605f70327d6401', 'a:5:{i:0;s:1:\"c\";i:1;s:1:\"e\";i:2;s:1:\"r\";i:3;s:1:\"m\";i:4;s:1:\"j\";}', 1753424735),
('captcha_7ee742f69ada51eb751cfe68b1038f7e', 'a:5:{i:0;s:1:\"d\";i:1;s:1:\"d\";i:2;s:1:\"d\";i:3;s:1:\"u\";i:4;s:1:\"h\";}', 1753429345),
('captcha_7f10584e945a90681c471240a0f5e3df', 'a:5:{i:0;s:1:\"j\";i:1;s:1:\"d\";i:2;s:1:\"p\";i:3;s:1:\"y\";i:4;s:1:\"m\";}', 1753355428),
('captcha_7f7af7e76f3e0af9377504aa6fc93b18', 'a:5:{i:0;s:1:\"8\";i:1;s:1:\"d\";i:2;s:1:\"2\";i:3;s:1:\"j\";i:4;s:1:\"y\";}', 1753425006),
('captcha_7f9f1d1ac611bc3667e9c2a879b9ad2b', 'a:5:{i:0;s:1:\"a\";i:1;s:1:\"q\";i:2;s:1:\"u\";i:3;s:1:\"j\";i:4;s:1:\"a\";}', 1753432946),
('captcha_8264808f4fac985a7eb46061736da94b', 'a:5:{i:0;s:1:\"x\";i:1;s:1:\"7\";i:2;s:1:\"b\";i:3;s:1:\"p\";i:4;s:1:\"b\";}', 1753428666),
('captcha_83130a5401708d55a0cef2c423a7946e', 'a:5:{i:0;s:1:\"j\";i:1;s:1:\"n\";i:2;s:1:\"e\";i:3;s:1:\"a\";i:4;s:1:\"q\";}', 1753432256),
('captcha_840b9c339d1d1adbf15061eab2de3b30', 'a:5:{i:0;s:1:\"u\";i:1;s:1:\"r\";i:2;s:1:\"d\";i:3;s:1:\"p\";i:4;s:1:\"g\";}', 1753428826),
('captcha_8419b2721950ac5343fe4044fa261cbf', 'a:5:{i:0;s:1:\"f\";i:1;s:1:\"4\";i:2;s:1:\"f\";i:3;s:1:\"7\";i:4;s:1:\"y\";}', 1753430491),
('captcha_84b01f7ca0c5cb37e4c7eb6ba205785e', 'a:5:{i:0;s:1:\"q\";i:1;s:1:\"g\";i:2;s:1:\"j\";i:3;s:1:\"z\";i:4;s:1:\"c\";}', 1753432711),
('captcha_869f797b1138b18888df8bcf790bff50', 'a:5:{i:0;s:1:\"c\";i:1;s:1:\"2\";i:2;s:1:\"h\";i:3;s:1:\"n\";i:4;s:1:\"x\";}', 1753430617),
('captcha_86de443544a1ed83238d1216eba4684a', 'a:5:{i:0;s:1:\"y\";i:1;s:1:\"f\";i:2;s:1:\"8\";i:3;s:1:\"x\";i:4;s:1:\"j\";}', 1753428835),
('captcha_88543959a6aefb691817fdff17456e0b', 'a:9:{i:0;s:1:\"3\";i:1;s:1:\"8\";i:2;s:1:\"6\";i:3;s:1:\"p\";i:4;s:1:\"y\";i:5;s:1:\"h\";i:6;s:1:\"a\";i:7;s:1:\"j\";i:8;s:1:\"a\";}', 1753351467),
('captcha_88567777177bc85ccf62865dacada167', 'a:5:{i:0;s:1:\"a\";i:1;s:1:\"x\";i:2;s:1:\"9\";i:3;s:1:\"8\";i:4;s:1:\"n\";}', 1753430629),
('captcha_8904cf9dae9386fe0eff47d8c676d783', 'a:5:{i:0;s:1:\"g\";i:1;s:1:\"q\";i:2;s:1:\"p\";i:3;s:1:\"d\";i:4;s:1:\"q\";}', 1753429589),
('captcha_8b489cf6fbf09c8d9b7b58f19fafdea7', 'a:5:{i:0;s:1:\"x\";i:1;s:1:\"u\";i:2;s:1:\"y\";i:3;s:1:\"y\";i:4;s:1:\"8\";}', 1753427780),
('captcha_8b568668b0685546d0b414f41878f6f0', 'a:5:{i:0;s:1:\"j\";i:1;s:1:\"d\";i:2;s:1:\"c\";i:3;s:1:\"f\";i:4;s:1:\"n\";}', 1753425166),
('captcha_8b99212ec82a92d141febc7a360b46a3', 'a:5:{i:0;s:1:\"a\";i:1;s:1:\"b\";i:2;s:1:\"d\";i:3;s:1:\"f\";i:4;s:1:\"n\";}', 1753433133),
('captcha_8c031e05edcfb014c239481e36c1550b', 'a:5:{i:0;s:1:\"a\";i:1;s:1:\"y\";i:2;s:1:\"c\";i:3;s:1:\"p\";i:4;s:1:\"m\";}', 1753432262),
('captcha_90cdd6cd8e9480b54f0d500d2726e419', 'a:5:{i:0;s:1:\"r\";i:1;s:1:\"d\";i:2;s:1:\"r\";i:3;s:1:\"x\";i:4;s:1:\"r\";}', 1753432723),
('captcha_90f1b9a8141917e25df749c279d9c6c0', 'a:9:{i:0;s:1:\"7\";i:1;s:1:\"b\";i:2;s:1:\"z\";i:3;s:1:\"9\";i:4;s:1:\"j\";i:5;s:1:\"m\";i:6;s:1:\"q\";i:7;s:1:\"p\";i:8;s:1:\"y\";}', 1753350578),
('captcha_91849d2c4525acf9a4143bf15f33ac75', 'a:5:{i:0;s:1:\"f\";i:1;s:1:\"z\";i:2;s:1:\"t\";i:3;s:1:\"m\";i:4;s:1:\"d\";}', 1753426279),
('captcha_929503265250a9b031e1da6cc8e37165', 'a:5:{i:0;s:1:\"y\";i:1;s:1:\"r\";i:2;s:1:\"2\";i:3;s:1:\"y\";i:4;s:1:\"9\";}', 1753355426),
('captcha_9366c1be7a1608c5b8fa65fc589cf6ff', 'a:5:{i:0;s:1:\"q\";i:1;s:1:\"n\";i:2;s:1:\"j\";i:3;s:1:\"r\";i:4;s:1:\"q\";}', 1753427759),
('captcha_93eabc724b2f3f1a7f03ed1237e9c090', 'a:5:{i:0;s:1:\"y\";i:1;s:1:\"p\";i:2;s:1:\"8\";i:3;s:1:\"7\";i:4;s:1:\"u\";}', 1753433261),
('captcha_942c27a19c8eb25dc9e43fd9d5255517', 'a:5:{i:0;s:1:\"y\";i:1;s:1:\"8\";i:2;s:1:\"j\";i:3;s:1:\"g\";i:4;s:1:\"f\";}', 1753351487),
('captcha_9476795e0baa777af7ce8ca1b1acbf98', 'a:5:{i:0;s:1:\"m\";i:1;s:1:\"a\";i:2;s:1:\"q\";i:3;s:1:\"h\";i:4;s:1:\"f\";}', 1753425405),
('captcha_96c69f744440eee518f864bcaa1f5a04', 'a:5:{i:0;s:1:\"h\";i:1;s:1:\"x\";i:2;s:1:\"m\";i:3;s:1:\"h\";i:4;s:1:\"d\";}', 1753427752),
('captcha_96f1285675a75303e4fc18e9459856ec', 'a:5:{i:0;s:1:\"u\";i:1;s:1:\"z\";i:2;s:1:\"x\";i:3;s:1:\"8\";i:4;s:1:\"c\";}', 1753433906),
('captcha_970cb0f123248abb37326f1cbe2da475', 'a:5:{i:0;s:1:\"h\";i:1;s:1:\"7\";i:2;s:1:\"6\";i:3;s:1:\"d\";i:4;s:1:\"u\";}', 1753425130),
('captcha_975955e2a803d404af5571ab92ebc12d', 'a:5:{i:0;s:1:\"j\";i:1;s:1:\"a\";i:2;s:1:\"f\";i:3;s:1:\"b\";i:4;s:1:\"b\";}', 1753427778),
('captcha_9a1584a7308fea474fc04d11130880a2', 'a:5:{i:0;s:1:\"6\";i:1;s:1:\"r\";i:2;s:1:\"z\";i:3;s:1:\"t\";i:4;s:1:\"x\";}', 1753351576),
('captcha_9b6ff78b8972d1adc2a9a60eac5665bc', 'a:5:{i:0;s:1:\"z\";i:1;s:1:\"p\";i:2;s:1:\"x\";i:3;s:1:\"y\";i:4;s:1:\"z\";}', 1753425164),
('captcha_9c810332336ea59c90fc9d52a3f0516d', 'a:5:{i:0;s:1:\"a\";i:1;s:1:\"3\";i:2;s:1:\"6\";i:3;s:1:\"6\";i:4;s:1:\"h\";}', 1753427772),
('captcha_9d046319d280785f6d27a05f5787bd59', 'a:5:{i:0;s:1:\"f\";i:1;s:1:\"3\";i:2;s:1:\"p\";i:3;s:1:\"c\";i:4;s:1:\"e\";}', 1753432713),
('captcha_9db3b4f1b5e5fbdca907b6fbc4c7ed6c', 'a:5:{i:0;s:1:\"b\";i:1;s:1:\"g\";i:2;s:1:\"g\";i:3;s:1:\"x\";i:4;s:1:\"8\";}', 1753429838),
('captcha_9e8ac23c9524b86219718aa6c9700656', 'a:5:{i:0;s:1:\"p\";i:1;s:1:\"y\";i:2;s:1:\"b\";i:3;s:1:\"h\";i:4;s:1:\"9\";}', 1753428823),
('captcha_9ea80222e540983b01a7bd4be444e599', 'a:5:{i:0;s:1:\"b\";i:1;s:1:\"9\";i:2;s:1:\"p\";i:3;s:1:\"r\";i:4;s:1:\"b\";}', 1753432699),
('captcha_9ea8d790599e26040b2c5a969f58d5c0', 'a:5:{i:0;s:1:\"h\";i:1;s:1:\"z\";i:2;s:1:\"z\";i:3;s:1:\"h\";i:4;s:1:\"6\";}', 1753429868),
('captcha_9f82c42cb0a0babce7750768f05b4cf5', 'a:5:{i:0;s:1:\"x\";i:1;s:1:\"a\";i:2;s:1:\"9\";i:3;s:1:\"b\";i:4;s:1:\"q\";}', 1753432945),
('captcha_9fbd0b0d33aa24d595ae438167d57a02', 'a:9:{i:0;s:1:\"m\";i:1;s:1:\"n\";i:2;s:1:\"p\";i:3;s:1:\"j\";i:4;s:1:\"x\";i:5;s:1:\"t\";i:6;s:1:\"m\";i:7;s:1:\"n\";i:8;s:1:\"d\";}', 1753350617),
('captcha_9ffa9e0cd949673d22c6d483fe09688a', 'a:5:{i:0;s:1:\"x\";i:1;s:1:\"j\";i:2;s:1:\"f\";i:3;s:1:\"6\";i:4;s:1:\"h\";}', 1753432695),
('captcha_a09e2ee0367f952022172ba6ba7d72f0', 'a:5:{i:0;s:1:\"g\";i:1;s:1:\"d\";i:2;s:1:\"y\";i:3;s:1:\"c\";i:4;s:1:\"c\";}', 1753352365),
('captcha_a1a24ef7117df1fab726cb09c95b94d6', 'a:5:{i:0;s:1:\"j\";i:1;s:1:\"x\";i:2;s:1:\"f\";i:3;s:1:\"n\";i:4;s:1:\"d\";}', 1753429351),
('captcha_a20fb4cac6d683ad5f37eff5e85cca33', 'a:5:{i:0;s:1:\"e\";i:1;s:1:\"g\";i:2;s:1:\"t\";i:3;s:1:\"t\";i:4;s:1:\"b\";}', 1753355672),
('captcha_a267ec0476ccf56e24d11f0719e9cee0', 'a:5:{i:0;s:1:\"m\";i:1;s:1:\"m\";i:2;s:1:\"z\";i:3;s:1:\"9\";i:4;s:1:\"x\";}', 1753428858),
('captcha_a3bd7422c715ae6699c5774f50628cad', 'a:5:{i:0;s:1:\"d\";i:1;s:1:\"u\";i:2;s:1:\"n\";i:3;s:1:\"t\";i:4;s:1:\"q\";}', 1753428752),
('captcha_a42c9137edcebb8294daa235de0f12f9', 'a:5:{i:0;s:1:\"j\";i:1;s:1:\"e\";i:2;s:1:\"e\";i:3;s:1:\"b\";i:4;s:1:\"u\";}', 1753427764),
('captcha_a633d19b5dc8c7f375bd699e1860d540', 'a:5:{i:0;s:1:\"d\";i:1;s:1:\"z\";i:2;s:1:\"d\";i:3;s:1:\"b\";i:4;s:1:\"p\";}', 1753425004),
('captcha_a67bc069c97ea9a59f015d1222f9ffc5', 'a:5:{i:0;s:1:\"z\";i:1;s:1:\"4\";i:2;s:1:\"h\";i:3;s:1:\"t\";i:4;s:1:\"u\";}', 1753355760),
('captcha_a6ef7e137246af3d7bdbf67014a47e14', 'a:5:{i:0;s:1:\"e\";i:1;s:1:\"d\";i:2;s:1:\"9\";i:3;s:1:\"h\";i:4;s:1:\"b\";}', 1753428006),
('captcha_a8b7ca9a9b61235a776003461dc16fe4', 'a:5:{i:0;s:1:\"g\";i:1;s:1:\"q\";i:2;s:1:\"r\";i:3;s:1:\"h\";i:4;s:1:\"g\";}', 1753429427),
('captcha_aa99752744c49ff8cdd9bdbbeb6a6202', 'a:5:{i:0;s:1:\"t\";i:1;s:1:\"d\";i:2;s:1:\"z\";i:3;s:1:\"d\";i:4;s:1:\"d\";}', 1753425150),
('captcha_ab34269847ab6e145a2524820d6b788e', 'a:5:{i:0;s:1:\"u\";i:1;s:1:\"q\";i:2;s:1:\"n\";i:3;s:1:\"x\";i:4;s:1:\"p\";}', 1753433107),
('captcha_ae4371c1f2fa10dd49c5a071b02970df', 'a:5:{i:0;s:1:\"e\";i:1;s:1:\"u\";i:2;s:1:\"8\";i:3;s:1:\"e\";i:4;s:1:\"h\";}', 1753425062),
('captcha_aea95765893ed35867b5b69d9630a924', 'a:5:{i:0;s:1:\"a\";i:1;s:1:\"m\";i:2;s:1:\"u\";i:3;s:1:\"7\";i:4;s:1:\"t\";}', 1753427774),
('captcha_af167ff1bbe74e5d7e2f248fec5e9d90', 'a:5:{i:0;s:1:\"h\";i:1;s:1:\"t\";i:2;s:1:\"y\";i:3;s:1:\"c\";i:4;s:1:\"m\";}', 1753429595),
('captcha_b05d0092666ad0cca07ff409d54b3c80', 'a:5:{i:0;s:1:\"f\";i:1;s:1:\"g\";i:2;s:1:\"p\";i:3;s:1:\"t\";i:4;s:1:\"p\";}', 1753355758),
('captcha_b0ec2c8047429976db54a70858710bcd', 'a:5:{i:0;s:1:\"n\";i:1;s:1:\"z\";i:2;s:1:\"3\";i:3;s:1:\"z\";i:4;s:1:\"g\";}', 1753432591),
('captcha_b1405868cbf420a15d0b1f28026360b6', 'a:5:{i:0;s:1:\"p\";i:1;s:1:\"m\";i:2;s:1:\"r\";i:3;s:1:\"p\";i:4;s:1:\"q\";}', 1753428851),
('captcha_b2913f56763435114e62fbb8fd16c9dc', 'a:5:{i:0;s:1:\"z\";i:1;s:1:\"a\";i:2;s:1:\"n\";i:3;s:1:\"x\";i:4;s:1:\"f\";}', 1753425377),
('captcha_b2acbd677180ca3432515e5bef241e0e', 'a:5:{i:0;s:1:\"r\";i:1;s:1:\"6\";i:2;s:1:\"h\";i:3;s:1:\"p\";i:4;s:1:\"r\";}', 1753433876),
('captcha_b37032e20ee7adaee3b8b13efa0bf7af', 'a:5:{i:0;s:1:\"7\";i:1;s:1:\"m\";i:2;s:1:\"8\";i:3;s:1:\"r\";i:4;s:1:\"2\";}', 1753431410),
('captcha_b41e1c222c0afab4644a067fb1c2af84', 'a:5:{i:0;s:1:\"z\";i:1;s:1:\"d\";i:2;s:1:\"7\";i:3;s:1:\"g\";i:4;s:1:\"9\";}', 1753351890),
('captcha_b446f4fa407b9bb64fe38cad9b9443ae', 'a:9:{i:0;s:1:\"e\";i:1;s:1:\"m\";i:2;s:1:\"t\";i:3;s:1:\"b\";i:4;s:1:\"c\";i:5;s:1:\"q\";i:6;s:1:\"n\";i:7;s:1:\"f\";i:8;s:1:\"j\";}', 1753351382),
('captcha_b47b96565c49fecb43ab7a665bc3d374', 'a:5:{i:0;s:1:\"q\";i:1;s:1:\"h\";i:2;s:1:\"g\";i:3;s:1:\"9\";i:4;s:1:\"x\";}', 1753351837),
('captcha_b490045f72d9f853f56a0c00e852e78b', 'a:9:{i:0;s:1:\"c\";i:1;s:1:\"y\";i:2;s:1:\"h\";i:3;s:1:\"e\";i:4;s:1:\"m\";i:5;s:1:\"p\";i:6;s:1:\"f\";i:7;s:1:\"z\";i:8;s:1:\"c\";}', 1753351457),
('captcha_b509b03d1ab57f8d8acf233a21882596', 'a:5:{i:0;s:1:\"f\";i:1;s:1:\"x\";i:2;s:1:\"f\";i:3;s:1:\"p\";i:4;s:1:\"y\";}', 1753432534),
('captcha_b53b9f294af657c6c9b677a75bcfc53d', 'a:5:{i:0;s:1:\"b\";i:1;s:1:\"b\";i:2;s:1:\"r\";i:3;s:1:\"j\";i:4;s:1:\"p\";}', 1753429347),
('captcha_b540151dd29411b3c7f1ebb55e421e99', 'a:9:{i:0;s:1:\"9\";i:1;s:1:\"x\";i:2;s:1:\"e\";i:3;s:1:\"g\";i:4;s:1:\"p\";i:5;s:1:\"p\";i:6;s:1:\"p\";i:7;s:1:\"a\";i:8;s:1:\"g\";}', 1753350618),
('captcha_b5cbe7bebc14dbbfeebb2a370e81e2ae', 'a:5:{i:0;s:1:\"m\";i:1;s:1:\"4\";i:2;s:1:\"u\";i:3;s:1:\"d\";i:4;s:1:\"b\";}', 1753355734),
('captcha_b9c40f35165185df820c021a6881e739', 'a:5:{i:0;s:1:\"e\";i:1;s:1:\"c\";i:2;s:1:\"f\";i:3;s:1:\"b\";i:4;s:1:\"4\";}', 1753351908),
('captcha_bc9269f7470594b2169218025f1afbd7', 'a:5:{i:0;s:1:\"g\";i:1;s:1:\"h\";i:2;s:1:\"t\";i:3;s:1:\"y\";i:4;s:1:\"7\";}', 1753425112),
('captcha_bcd5c9c4e123a434ee44aff64558835c', 'a:5:{i:0;s:1:\"a\";i:1;s:1:\"3\";i:2;s:1:\"f\";i:3;s:1:\"a\";i:4;s:1:\"r\";}', 1753427782),
('captcha_bce3084b9fc09a360c76c48aaaba873b', 'a:9:{i:0;s:1:\"e\";i:1;s:1:\"h\";i:2;s:1:\"7\";i:3;s:1:\"6\";i:4;s:1:\"9\";i:5;s:1:\"y\";i:6;s:1:\"y\";i:7;s:1:\"9\";i:8;s:1:\"j\";}', 1753351386),
('captcha_bd098c833ec7eca797e0eb63c5531ac9', 'a:5:{i:0;s:1:\"j\";i:1;s:1:\"n\";i:2;s:1:\"j\";i:3;s:1:\"g\";i:4;s:1:\"h\";}', 1753428865),
('captcha_bd319b88005102cafbafdc4063ab761d', 'a:5:{i:0;s:1:\"2\";i:1;s:1:\"c\";i:2;s:1:\"c\";i:3;s:1:\"b\";i:4;s:1:\"m\";}', 1753355616),
('captcha_bda3f8e9903e6736ca6cc0c3f0195d38', 'a:5:{i:0;s:1:\"t\";i:1;s:1:\"g\";i:2;s:1:\"t\";i:3;s:1:\"z\";i:4;s:1:\"j\";}', 1753425198),
('captcha_be1898aec09e7566efb2f8f2273dbb3b', 'a:5:{i:0;s:1:\"9\";i:1;s:1:\"r\";i:2;s:1:\"z\";i:3;s:1:\"a\";i:4;s:1:\"4\";}', 1753351853),
('captcha_be856f598a2939e1fbf1be0b3c145b0e', 'a:5:{i:0;s:1:\"d\";i:1;s:1:\"x\";i:2;s:1:\"z\";i:3;s:1:\"j\";i:4;s:1:\"e\";}', 1753425102),
('captcha_bf7bcaf47c15c7ec11d745828e4b3dd4', 'a:5:{i:0;s:1:\"d\";i:1;s:1:\"e\";i:2;s:1:\"c\";i:3;s:1:\"8\";i:4;s:1:\"b\";}', 1753433245),
('captcha_c075a41827a760cd9ade82c1a50ffaac', 'a:5:{i:0;s:1:\"m\";i:1;s:1:\"b\";i:2;s:1:\"z\";i:3;s:1:\"8\";i:4;s:1:\"q\";}', 1753352456),
('captcha_c169b09e7db9a9b01b00256d95c20673', 'a:5:{i:0;s:1:\"h\";i:1;s:1:\"3\";i:2;s:1:\"n\";i:3;s:1:\"u\";i:4;s:1:\"n\";}', 1753432260),
('captcha_c33da8568137067239ab821b23f40faa', 'a:5:{i:0;s:1:\"h\";i:1;s:1:\"d\";i:2;s:1:\"h\";i:3;s:1:\"x\";i:4;s:1:\"g\";}', 1753352457),
('captcha_c441638a422b0bb1cffce425d8352d45', 'a:5:{i:0;s:1:\"8\";i:1;s:1:\"u\";i:2;s:1:\"e\";i:3;s:1:\"b\";i:4;s:1:\"j\";}', 1753432142),
('captcha_c492791df01ce9516f60354b73d4eedc', 'a:5:{i:0;s:1:\"x\";i:1;s:1:\"2\";i:2;s:1:\"6\";i:3;s:1:\"9\";i:4;s:1:\"j\";}', 1753425844),
('captcha_c551896a86f27b3709b0f20b735996d8', 'a:5:{i:0;s:1:\"a\";i:1;s:1:\"x\";i:2;s:1:\"j\";i:3;s:1:\"e\";i:4;s:1:\"h\";}', 1753428837),
('captcha_c56ced2c7ad22732c7d856b066a52c8e', 'a:5:{i:0;s:1:\"z\";i:1;s:1:\"t\";i:2;s:1:\"9\";i:3;s:1:\"b\";i:4;s:1:\"f\";}', 1753433003),
('captcha_c612462d9d544f26769281d0505ae8c1', 'a:5:{i:0;s:1:\"9\";i:1;s:1:\"t\";i:2;s:1:\"t\";i:3;s:1:\"u\";i:4;s:1:\"r\";}', 1753429860),
('captcha_c657a801f057bf05e0e14a5d95be504e', 'a:5:{i:0;s:1:\"z\";i:1;s:1:\"y\";i:2;s:1:\"u\";i:3;s:1:\"d\";i:4;s:1:\"q\";}', 1753425039),
('captcha_c6aaacf7f58031e98730769507de7778', 'a:5:{i:0;s:1:\"a\";i:1;s:1:\"n\";i:2;s:1:\"8\";i:3;s:1:\"3\";i:4;s:1:\"d\";}', 1753433215),
('captcha_c6c4581f59668b9e113b33b5f1c29006', 'a:5:{i:0;s:1:\"p\";i:1;s:1:\"m\";i:2;s:1:\"u\";i:3;s:1:\"c\";i:4;s:1:\"r\";}', 1753355768),
('captcha_c75ce4851d7ca332a2fc4058ca3abd2a', 'a:5:{i:0;s:1:\"j\";i:1;s:1:\"g\";i:2;s:1:\"c\";i:3;s:1:\"j\";i:4;s:1:\"d\";}', 1753433900),
('captcha_c86b55fd87c40e75e39807b305164780', 'a:5:{i:0;s:1:\"6\";i:1;s:1:\"u\";i:2;s:1:\"t\";i:3;s:1:\"e\";i:4;s:1:\"p\";}', 1753425035),
('captcha_cb2b454eece5af171aa330caf852c242', 'a:5:{i:0;s:1:\"t\";i:1;s:1:\"8\";i:2;s:1:\"4\";i:3;s:1:\"4\";i:4;s:1:\"g\";}', 1753429801),
('captcha_cba2cfcb5106f429b71c2d0d8e7e9257', 'a:5:{i:0;s:1:\"4\";i:1;s:1:\"m\";i:2;s:1:\"2\";i:3;s:1:\"r\";i:4;s:1:\"h\";}', 1753429553),
('captcha_cbc803b85c626daf17ebe3a0339cc3c9', 'a:5:{i:0;s:1:\"t\";i:1;s:1:\"e\";i:2;s:1:\"6\";i:3;s:1:\"p\";i:4;s:1:\"6\";}', 1753428994),
('captcha_cbd6bea0b1dbedbe516133817f1aea40', 'a:5:{i:0;s:1:\"r\";i:1;s:1:\"r\";i:2;s:1:\"8\";i:3;s:1:\"d\";i:4;s:1:\"c\";}', 1753425036),
('captcha_cd031ce251d9f81e1705e9650083e872', 'a:5:{i:0;s:1:\"m\";i:1;s:1:\"q\";i:2;s:1:\"7\";i:3;s:1:\"y\";i:4;s:1:\"t\";}', 1753425249),
('captcha_cd1d0f82acf912109d12b99625803efa', 'a:5:{i:0;s:1:\"e\";i:1;s:1:\"c\";i:2;s:1:\"m\";i:3;s:1:\"q\";i:4;s:1:\"q\";}', 1753355793),
('captcha_cd36ea72e0210b1cf6d1c1707f08f997', 'a:5:{i:0;s:1:\"t\";i:1;s:1:\"g\";i:2;s:1:\"b\";i:3;s:1:\"z\";i:4;s:1:\"b\";}', 1753433010),
('captcha_cddd388272eeeb0256f132687625596c', 'a:5:{i:0;s:1:\"8\";i:1;s:1:\"p\";i:2;s:1:\"u\";i:3;s:1:\"9\";i:4;s:1:\"c\";}', 1753355736),
('captcha_ce4ca3df8e7b6cd2ba7fa5044111f53e', 'a:5:{i:0;s:1:\"t\";i:1;s:1:\"r\";i:2;s:1:\"u\";i:3;s:1:\"7\";i:4;s:1:\"u\";}', 1753424771),
('captcha_ced78a5471e5e0309bb11f44662c56c3', 'a:5:{i:0;s:1:\"t\";i:1;s:1:\"c\";i:2;s:1:\"u\";i:3;s:1:\"x\";i:4;s:1:\"r\";}', 1753428829),
('captcha_d018ecbb9a69014d0df6eac3d34f6ff0', 'a:5:{i:0;s:1:\"h\";i:1;s:1:\"f\";i:2;s:1:\"e\";i:3;s:1:\"9\";i:4;s:1:\"b\";}', 1753432282),
('captcha_d0339339cb60808edda83e54c55334fd', 'a:5:{i:0;s:1:\"f\";i:1;s:1:\"d\";i:2;s:1:\"x\";i:3;s:1:\"j\";i:4;s:1:\"a\";}', 1753433870),
('captcha_d04935e9d12c55772943bcd16946197b', 'a:5:{i:0;s:1:\"m\";i:1;s:1:\"9\";i:2;s:1:\"r\";i:3;s:1:\"j\";i:4;s:1:\"t\";}', 1753351810),
('captcha_d121478113411c2ef59cdb7498e3dd5d', 'a:5:{i:0;s:1:\"r\";i:1;s:1:\"r\";i:2;s:1:\"r\";i:3;s:1:\"m\";i:4;s:1:\"d\";}', 1753427549),
('captcha_d2e4b3d76653f4ad64ebebaea0c9384c', 'a:5:{i:0;s:1:\"j\";i:1;s:1:\"n\";i:2;s:1:\"g\";i:3;s:1:\"h\";i:4;s:1:\"f\";}', 1753351856),
('captcha_d34d543a63fe8da1c7d2222c8e126be0', 'a:5:{i:0;s:1:\"x\";i:1;s:1:\"j\";i:2;s:1:\"3\";i:3;s:1:\"m\";i:4;s:1:\"3\";}', 1753425126),
('captcha_d3f98359b5a91d6a6a3ef17767671eb1', 'a:5:{i:0;s:1:\"2\";i:1;s:1:\"c\";i:2;s:1:\"y\";i:3;s:1:\"c\";i:4;s:1:\"e\";}', 1753432705),
('captcha_d474e0db0e3d349106e992b1d6c98a08', 'a:5:{i:0;s:1:\"e\";i:1;s:1:\"r\";i:2;s:1:\"e\";i:3;s:1:\"e\";i:4;s:1:\"e\";}', 1753429363),
('captcha_d4a9ca033c3e8f9c8b9ead6957c189cd', 'a:5:{i:0;s:1:\"3\";i:1;s:1:\"b\";i:2;s:1:\"r\";i:3;s:1:\"p\";i:4;s:1:\"c\";}', 1753432954),
('captcha_d7c6df76b650bf34b4f8d371fb0074d6', 'a:5:{i:0;s:1:\"a\";i:1;s:1:\"r\";i:2;s:1:\"r\";i:3;s:1:\"e\";i:4;s:1:\"b\";}', 1753432943),
('captcha_d9534456f30671cdbf1c095c88092090', 'a:5:{i:0;s:1:\"t\";i:1;s:1:\"j\";i:2;s:1:\"n\";i:3;s:1:\"b\";i:4;s:1:\"3\";}', 1753432952),
('captcha_da2a82c3b6c31debeca95a0484f272e2', 'a:5:{i:0;s:1:\"q\";i:1;s:1:\"e\";i:2;s:1:\"c\";i:3;s:1:\"m\";i:4;s:1:\"f\";}', 1753432958),
('captcha_da845a54f667280a6b9831faf2cfa0c3', 'a:5:{i:0;s:1:\"7\";i:1;s:1:\"j\";i:2;s:1:\"e\";i:3;s:1:\"e\";i:4;s:1:\"c\";}', 1753432181),
('captcha_dbc4d4d26b7a7202ce00acfd8b101770', 'a:5:{i:0;s:1:\"h\";i:1;s:1:\"7\";i:2;s:1:\"r\";i:3;s:1:\"6\";i:4;s:1:\"6\";}', 1753425019),
('captcha_dcc7d9c48ad12db6f122a6afa7982b00', 'a:5:{i:0;s:1:\"4\";i:1;s:1:\"7\";i:2;s:1:\"u\";i:3;s:1:\"h\";i:4;s:1:\"x\";}', 1753429540),
('captcha_dce792a1a5ca58bcb2ee55c4c298f92d', 'a:5:{i:0;s:1:\"7\";i:1;s:1:\"r\";i:2;s:1:\"h\";i:3;s:1:\"n\";i:4;s:1:\"y\";}', 1753427805),
('captcha_dd75398aa92e49ab3424d9f7f67a73b7', 'a:5:{i:0;s:1:\"3\";i:1;s:1:\"y\";i:2;s:1:\"b\";i:3;s:1:\"j\";i:4;s:1:\"q\";}', 1753425271),
('captcha_ddb1f52db93299282e900177e609bde8', 'a:5:{i:0;s:1:\"p\";i:1;s:1:\"g\";i:2;s:1:\"8\";i:3;s:1:\"h\";i:4;s:1:\"y\";}', 1753425384),
('captcha_de08ea23bc2f1659f4ee9f272190ecfb', 'a:5:{i:0;s:1:\"u\";i:1;s:1:\"e\";i:2;s:1:\"h\";i:3;s:1:\"4\";i:4;s:1:\"m\";}', 1753432257),
('captcha_de2968384b2e8ae91ce8e4ca10614ee6', 'a:5:{i:0;s:1:\"d\";i:1;s:1:\"h\";i:2;s:1:\"u\";i:3;s:1:\"p\";i:4;s:1:\"y\";}', 1753429448),
('captcha_deae5178e2f097888a57fbedba9a7465', 'a:5:{i:0;s:1:\"j\";i:1;s:1:\"z\";i:2;s:1:\"9\";i:3;s:1:\"t\";i:4;s:1:\"4\";}', 1753425195),
('captcha_def3a6d70937978559cfd13bf1d5dada', 'a:5:{i:0;s:1:\"j\";i:1;s:1:\"b\";i:2;s:1:\"d\";i:3;s:1:\"r\";i:4;s:1:\"n\";}', 1753425144),
('captcha_e005202ecc47ca541a452ad6e2b7c2a3', 'a:5:{i:0;s:1:\"y\";i:1;s:1:\"r\";i:2;s:1:\"r\";i:3;s:1:\"g\";i:4;s:1:\"d\";}', 1753432966),
('captcha_e0d02ea24cd56e278913558186d38e2f', 'a:5:{i:0;s:1:\"d\";i:1;s:1:\"a\";i:2;s:1:\"x\";i:3;s:1:\"3\";i:4;s:1:\"q\";}', 1753429591),
('captcha_e0fc37b5e373cda91d5440215c43d7c2', 'a:5:{i:0;s:1:\"8\";i:1;s:1:\"c\";i:2;s:1:\"f\";i:3;s:1:\"q\";i:4;s:1:\"6\";}', 1753433006),
('captcha_e1d1d81eeb33248ebad11f8fcfdbe072', 'a:5:{i:0;s:1:\"j\";i:1;s:1:\"d\";i:2;s:1:\"n\";i:3;s:1:\"m\";i:4;s:1:\"q\";}', 1753355740),
('captcha_e1fb32896aa1763ca7262a18d8b0dfd2', 'a:9:{i:0;s:1:\"u\";i:1;s:1:\"u\";i:2;s:1:\"p\";i:3;s:1:\"m\";i:4;s:1:\"c\";i:5;s:1:\"y\";i:6;s:1:\"n\";i:7;s:1:\"f\";i:8;s:1:\"a\";}', 1753350619),
('captcha_e287267e06f96a7d259298e49a56aa94', 'a:5:{i:0;s:1:\"x\";i:1;s:1:\"u\";i:2;s:1:\"h\";i:3;s:1:\"x\";i:4;s:1:\"x\";}', 1753425404),
('captcha_e29cde2eeec7da044ea93481fb977cde', 'a:5:{i:0;s:1:\"j\";i:1;s:1:\"n\";i:2;s:1:\"z\";i:3;s:1:\"b\";i:4;s:1:\"j\";}', 1753355766),
('captcha_e385152946f0093610bae1de2bb1e341', 'a:5:{i:0;s:1:\"n\";i:1;s:1:\"e\";i:2;s:1:\"f\";i:3;s:1:\"8\";i:4;s:1:\"7\";}', 1753425137),
('captcha_e529e2c07ff85c4ba815c16dc184d5ff', 'a:5:{i:0;s:1:\"e\";i:1;s:1:\"9\";i:2;s:1:\"q\";i:3;s:1:\"a\";i:4;s:1:\"g\";}', 1753433781),
('captcha_e59bd3be18aedabba79f3144d35f394e', 'a:5:{i:0;s:1:\"g\";i:1;s:1:\"j\";i:2;s:1:\"p\";i:3;s:1:\"m\";i:4;s:1:\"h\";}', 1753425098),
('captcha_e5dabcad60a7634e9888884142c57ffc', 'a:5:{i:0;s:1:\"h\";i:1;s:1:\"n\";i:2;s:1:\"p\";i:3;s:1:\"8\";i:4;s:1:\"t\";}', 1753425242),
('captcha_eb0567a06c3b7d98ca42e0f7bafc77c2', 'a:5:{i:0;s:1:\"u\";i:1;s:1:\"q\";i:2;s:1:\"n\";i:3;s:1:\"z\";i:4;s:1:\"f\";}', 1753351880),
('captcha_eb453ce137f6bd6ef034fb6e715314bf', 'a:5:{i:0;s:1:\"4\";i:1;s:1:\"b\";i:2;s:1:\"e\";i:3;s:1:\"f\";i:4;s:1:\"z\";}', 1753432766),
('captcha_eba3f03bf51d489c08b4513aa0fa3454', 'a:5:{i:0;s:1:\"y\";i:1;s:1:\"x\";i:2;s:1:\"h\";i:3;s:1:\"7\";i:4;s:1:\"h\";}', 1753430001),
('captcha_ecd7b6ee6eb1d833aed6d01fc27ba4d2', 'a:5:{i:0;s:1:\"9\";i:1;s:1:\"e\";i:2;s:1:\"a\";i:3;s:1:\"x\";i:4;s:1:\"n\";}', 1753424996),
('captcha_ece90ba9375d2234e4a966902853f1e2', 'a:5:{i:0;s:1:\"h\";i:1;s:1:\"7\";i:2;s:1:\"z\";i:3;s:1:\"n\";i:4;s:1:\"x\";}', 1753428869),
('captcha_ed35350743121bc7e273ea3784ee0f18', 'a:5:{i:0;s:1:\"p\";i:1;s:1:\"y\";i:2;s:1:\"x\";i:3;s:1:\"e\";i:4;s:1:\"c\";}', 1753352415),
('captcha_ef49455fa0ad69f7976aad27137e2974', 'a:5:{i:0;s:1:\"p\";i:1;s:1:\"j\";i:2;s:1:\"y\";i:3;s:1:\"j\";i:4;s:1:\"e\";}', 1753429348),
('captcha_ef6f9e712d5a18b6d370be47c29a852a', 'a:5:{i:0;s:1:\"n\";i:1;s:1:\"j\";i:2;s:1:\"n\";i:3;s:1:\"4\";i:4;s:1:\"c\";}', 1753433884),
('captcha_ef9f44c1907cc606256221dd44fafeee', 'a:5:{i:0;s:1:\"m\";i:1;s:1:\"j\";i:2;s:1:\"y\";i:3;s:1:\"j\";i:4;s:1:\"e\";}', 1753351849),
('captcha_f08ec2ee245b599c000ef8fc46bd2e75', 'a:5:{i:0;s:1:\"p\";i:1;s:1:\"d\";i:2;s:1:\"2\";i:3;s:1:\"g\";i:4;s:1:\"m\";}', 1753429837),
('captcha_f09d9acc22979c642fd2190f19f679a4', 'a:5:{i:0;s:1:\"9\";i:1;s:1:\"c\";i:2;s:1:\"t\";i:3;s:1:\"c\";i:4;s:1:\"a\";}', 1753433951),
('captcha_f0ca19dc2646f03a1171dc1f5094d1ce', 'a:9:{i:0;s:1:\"n\";i:1;s:1:\"f\";i:2;s:1:\"6\";i:3;s:1:\"u\";i:4;s:1:\"8\";i:5;s:1:\"a\";i:6;s:1:\"9\";i:7;s:1:\"t\";i:8;s:1:\"e\";}', 1753351470),
('captcha_f23cd07081c6cc31a9b49e9f877ecdc8', 'a:5:{i:0;s:1:\"u\";i:1;s:1:\"p\";i:2;s:1:\"g\";i:3;s:1:\"b\";i:4;s:1:\"m\";}', 1753428840),
('captcha_f2cd6357513ec1bfe29c587a182e7159', 'a:5:{i:0;s:1:\"a\";i:1;s:1:\"3\";i:2;s:1:\"y\";i:3;s:1:\"e\";i:4;s:1:\"d\";}', 1753428855),
('captcha_f5268ae02ede369ed768bf9c92e8a7e6', 'a:5:{i:0;s:1:\"q\";i:1;s:1:\"r\";i:2;s:1:\"m\";i:3;s:1:\"j\";i:4;s:1:\"z\";}', 1753424998),
('captcha_f5b139a3158da45e68e3b2dd4c17ebca', 'a:5:{i:0;s:1:\"h\";i:1;s:1:\"g\";i:2;s:1:\"z\";i:3;s:1:\"u\";i:4;s:1:\"x\";}', 1753351897),
('captcha_f5e85454ec72a6ef0b45ffc9c4e0192f', 'a:5:{i:0;s:1:\"f\";i:1;s:1:\"n\";i:2;s:1:\"g\";i:3;s:1:\"x\";i:4;s:1:\"n\";}', 1753429849),
('captcha_f6a03efd25d9da813aa504ec818e8793', 'a:5:{i:0;s:1:\"g\";i:1;s:1:\"t\";i:2;s:1:\"t\";i:3;s:1:\"6\";i:4;s:1:\"p\";}', 1753428749),
('captcha_f86994d53ee7685e4267c9362525029b', 'a:5:{i:0;s:1:\"c\";i:1;s:1:\"8\";i:2;s:1:\"a\";i:3;s:1:\"n\";i:4;s:1:\"u\";}', 1753425070),
('captcha_f8f75aeed4c278ac175f22d1fac9d981', 'a:5:{i:0;s:1:\"7\";i:1;s:1:\"b\";i:2;s:1:\"e\";i:3;s:1:\"b\";i:4;s:1:\"r\";}', 1753429883),
('captcha_f90777cad14825ef7b34640ad85c4bef', 'a:5:{i:0;s:1:\"j\";i:1;s:1:\"r\";i:2;s:1:\"9\";i:3;s:1:\"z\";i:4;s:1:\"d\";}', 1753427794),
('captcha_fb049498cd2733333161adc809bf84a7', 'a:5:{i:0;s:1:\"f\";i:1;s:1:\"q\";i:2;s:1:\"x\";i:3;s:1:\"r\";i:4;s:1:\"n\";}', 1753429445),
('captcha_fcf82d8fc00e57302693dfdbda83cfa8', 'a:5:{i:0;s:1:\"a\";i:1;s:1:\"n\";i:2;s:1:\"b\";i:3;s:1:\"h\";i:4;s:1:\"j\";}', 1753355429),
('captcha_fd32aa77243b5d16ada9187da15f7944', 'a:5:{i:0;s:1:\"h\";i:1;s:1:\"x\";i:2;s:1:\"p\";i:3;s:1:\"c\";i:4;s:1:\"j\";}', 1753428724),
('captcha_fe83bce7b27c91b1fdf5e9ff087b9349', 'a:5:{i:0;s:1:\"4\";i:1;s:1:\"x\";i:2;s:1:\"m\";i:3;s:1:\"7\";i:4;s:1:\"g\";}', 1753429367);

-- --------------------------------------------------------

--
-- 資料表結構 `cache_locks`
--

CREATE TABLE `cache_locks` (
  `key` varchar(255) NOT NULL,
  `owner` varchar(255) NOT NULL,
  `expiration` int(11) NOT NULL
) ENGINE=InnoDB DEFAULT CHARSET=utf8mb4 COLLATE=utf8mb4_general_ci;

-- --------------------------------------------------------

--
-- 資料表結構 `contact`
--

CREATE TABLE `contact` (
  `id` int(10) UNSIGNED NOT NULL,
  `name` varchar(20) NOT NULL COMMENT '名稱',
  `phone` varchar(15) NOT NULL COMMENT '電話',
  `email` varchar(100) NOT NULL COMMENT '信箱',
  `source` varchar(10) NOT NULL COMMENT '出處',
  `tinymce` varchar(500) NOT NULL COMMENT '敘述',
  `created_at` timestamp NULL DEFAULT NULL,
  `updated_at` timestamp NULL DEFAULT NULL
) ENGINE=InnoDB DEFAULT CHARSET=utf8mb4 COLLATE=utf8mb4_general_ci;

--
-- 傾印資料表的資料 `contact`
--

INSERT INTO `contact` (`id`, `name`, `phone`, `email`, `source`, `tinymce`, `created_at`, `updated_at`) VALUES
(26, '77', '77777777', '77@73.77', 'fb', '77777', '2025-07-25 07:45:52', '2025-07-25 07:45:52'),
(27, '0200', '000000000', '00@00.00', 'fb', '00000', '2025-07-25 07:46:35', '2025-07-25 07:46:35'),
(28, 'aa', '11111111', 'aa@aa.a1', 'fb', 'aa', '2025-07-25 07:47:37', '2025-07-25 07:47:37'),
(29, 'bbbb', '11111111', 'bbb@1.1', 'fb', 'bbbbb', '2025-07-25 07:48:58', '2025-07-25 07:48:58'),
(30, 'ccc', '11111111', 'cc@cc.11', 'fb', 'cccc', '2025-07-25 07:51:01', '2025-07-25 07:51:01'),
(31, 'qqq', '12345678', 'qqq@qqq.qq', 'fb', 'qqq', '2025-07-25 08:48:29', '2025-07-25 08:48:29'),
(32, '3223', '12345678', '232323@ggg.ggg', 'fb', '232323', '2025-07-25 08:51:41', '2025-07-25 08:51:41'),
(33, 'eeee', '123131231', 'eee@ee.ee', 'fb', 'eeee', '2025-07-25 08:52:37', '2025-07-25 08:52:37'),
(34, '123', '12345678', '45@2138.55', 'fb', '456456', '2025-07-25 10:27:14', '2025-07-25 10:27:14'),
(35, '666', '66666666', '66@66.566', 'fb', '666', '2025-07-25 10:30:21', '2025-07-25 10:30:21');

-- --------------------------------------------------------

--
-- 資料表結構 `manager`
--

CREATE TABLE `manager` (
  `id` int(10) UNSIGNED NOT NULL,
  `cover` varchar(100) NOT NULL DEFAULT 'error.jpg' COMMENT '圖片',
  `account` varchar(50) NOT NULL COMMENT '帳號',
  `password` varchar(100) NOT NULL COMMENT '密碼',
  `name` varchar(20) NOT NULL COMMENT '名稱',
  `phone` varchar(20) NOT NULL COMMENT '電話',
  `release` enum('y','n') NOT NULL DEFAULT 'y' COMMENT '狀態',
  `created_at` timestamp NULL DEFAULT NULL,
  `updated_at` timestamp NULL DEFAULT NULL
) ENGINE=InnoDB DEFAULT CHARSET=utf8mb4 COLLATE=utf8mb4_general_ci;

--
-- 傾印資料表的資料 `manager`
--

INSERT INTO `manager` (`id`, `cover`, `account`, `password`, `name`, `phone`, `release`, `created_at`, `updated_at`) VALUES
(28, 'bamanager1753083256.jpg', '2@2.2', '$2y$12$A0NKM9yEiv2nb6kSlHM8ze3A40jhhuy7uQbpQSrQQavZQtPPrmqgO', '222222', '222222', 'y', '2025-07-20 21:21:59', '2025-07-21 00:06:22'),
(29, 'bamanager1753075944.jpg', '1@1.1', '$2y$12$WCwoFYexj8mgBNad.rwxfu1B0vXKHTtk1jd.mwnxiQQl/e8E.5aHi', '111111', '111111', 'y', '2025-07-20 21:32:24', '2025-07-20 21:32:24');

-- --------------------------------------------------------

--
-- 資料表結構 `migrations`
--

CREATE TABLE `migrations` (
  `id` int(10) UNSIGNED NOT NULL,
  `migration` varchar(255) NOT NULL,
  `batch` int(11) NOT NULL
) ENGINE=InnoDB DEFAULT CHARSET=utf8mb4 COLLATE=utf8mb4_general_ci;

--
-- 傾印資料表的資料 `migrations`
--

INSERT INTO `migrations` (`id`, `migration`, `batch`) VALUES
(1, '0001_01_01_000000_create_users_table', 1),
(2, '0001_01_01_000001_create_cache_table', 1),
(3, '0001_01_01_000002_create_jobs_table', 1),
(6, '2025_07_18_145359_create_manager_table', 2),
(7, '2025_07_24_103552_contact', 2),
(8, '2025_07_24_174750_create_cache_table', 3),
(10, '2025_07_28_104615_create_flights_table', 4);

-- --------------------------------------------------------

--
-- 資料表結構 `password_reset_tokens`
--

CREATE TABLE `password_reset_tokens` (
  `email` varchar(255) NOT NULL,
  `token` varchar(255) NOT NULL,
  `created_at` timestamp NULL DEFAULT NULL
) ENGINE=InnoDB DEFAULT CHARSET=utf8mb4 COLLATE=utf8mb4_general_ci;

-- --------------------------------------------------------

--
-- 資料表結構 `sessions`
--

CREATE TABLE `sessions` (
  `id` varchar(255) NOT NULL,
  `user_id` bigint(20) UNSIGNED DEFAULT NULL,
  `ip_address` varchar(45) DEFAULT NULL,
  `user_agent` text DEFAULT NULL,
  `payload` longtext NOT NULL,
  `last_activity` int(11) NOT NULL
) ENGINE=InnoDB DEFAULT CHARSET=utf8mb4 COLLATE=utf8mb4_general_ci;

--
-- 傾印資料表的資料 `sessions`
--

INSERT INTO `sessions` (`id`, `user_id`, `ip_address`, `user_agent`, `payload`, `last_activity`) VALUES
('dsbg9RhLcoeFs1d4R4d7iESBUco1i5ObRZbWQCL9', NULL, '127.0.0.1', 'Mozilla/5.0 (Windows NT 10.0; Win64; x64) AppleWebKit/537.36 (KHTML, like Gecko) Chrome/138.0.0.0 Safari/537.36', 'YTo1OntzOjY6Il90b2tlbiI7czo0MDoiOVRNczhUVXFmbnJtcmZFQzRGUUgxSFQwZDIxZ2YyclZwT0laNTlCYiI7czo5OiJfcHJldmlvdXMiO2E6MTp7czozOiJ1cmwiO3M6MjE6Imh0dHA6Ly8xMjcuMC4wLjE6ODAwMCI7fXM6NjoiX2ZsYXNoIjthOjI6e3M6Mzoib2xkIjthOjA6e31zOjM6Im5ldyI7YTowOnt9fXM6NTQ6ImxvZ2luX21hbmFnZXJfNTliYTM2YWRkYzJiMmY5NDAxNTgwZjAxNGM3ZjU4ZWE0ZTMwOTg5ZCI7czo1OiIxQDEuMSI7czo3OiJjYXB0Y2hhIjthOjM6e3M6OToic2Vuc2l0aXZlIjtiOjA7czozOiJrZXkiO3M6NjA6IiQyeSQxMiRhcTFBQ0wzaEVYc3hXUDM5NHBIUFh1UEVMcXB3aHZPVVZUR0x0ZHBVSlFtejdRQTl1UnM3NiI7czo3OiJlbmNyeXB0IjtiOjA7fX0=', 1753439426),
('NYU5o3aLZ7sjOqoLGKFOHRjZoKB7TMFb21qVZZCr', NULL, '127.0.0.1', 'Mozilla/5.0 (Windows NT 10.0; Win64; x64) AppleWebKit/537.36 (KHTML, like Gecko) Chrome/138.0.0.0 Safari/537.36', 'YTozOntzOjY6Il90b2tlbiI7czo0MDoiTmZ4ejZYdTJESHNmZjVSWU1vUkF0MzhtR0xyaDZlY3BCU29OSjNGaCI7czo5OiJfcHJldmlvdXMiO2E6MTp7czozOiJ1cmwiO3M6MzU6Imh0dHA6Ly8xMjcuMC4wLjE6ODAwMC9GbGlnaHRzQ3JlYXRlIjt9czo2OiJfZmxhc2giO2E6Mjp7czozOiJvbGQiO2E6MDp7fXM6MzoibmV3IjthOjA6e319fQ==', 1753687770);

-- --------------------------------------------------------

--
-- 資料表結構 `users`
--

CREATE TABLE `users` (
  `id` bigint(20) UNSIGNED NOT NULL,
  `name` varchar(255) NOT NULL,
  `email` varchar(255) NOT NULL,
  `email_verified_at` timestamp NULL DEFAULT NULL,
  `password` varchar(255) NOT NULL,
  `remember_token` varchar(100) DEFAULT NULL,
  `created_at` timestamp NULL DEFAULT NULL,
  `updated_at` timestamp NULL DEFAULT NULL
) ENGINE=InnoDB DEFAULT CHARSET=utf8mb4 COLLATE=utf8mb4_general_ci;

--
-- 傾印資料表的資料 `users`
--

INSERT INTO `users` (`id`, `name`, `email`, `email_verified_at`, `password`, `remember_token`, `created_at`, `updated_at`) VALUES
(1, 'Test User', 'test@example.com', '2025-07-28 05:06:43', '$2y$12$lU7FxUHbUeC33iFUxvkLyO53XRAWslGw5iFidpXnyC5rgftWClNni', 'Kg3JN0SOKl', '2025-07-28 05:06:43', '2025-07-28 05:06:43');

-- --------------------------------------------------------

--
-- 資料表結構 `work`
--

CREATE TABLE `work` (
  `id` int(10) UNSIGNED NOT NULL,
  `cover` varchar(100) NOT NULL DEFAULT 'error.jpg',
  `title` varchar(20) NOT NULL,
  `name` varchar(10) NOT NULL,
  `class` varchar(10) NOT NULL,
  `release` enum('y','n') NOT NULL DEFAULT 'y',
  `created_at` timestamp NULL DEFAULT NULL,
  `updated_at` timestamp NULL DEFAULT NULL
) ENGINE=InnoDB DEFAULT CHARSET=utf8mb4 COLLATE=utf8mb4_general_ci;

--
-- 傾印資料表的資料 `work`
--

INSERT INTO `work` (`id`, `cover`, `title`, `name`, `class`, `release`, `created_at`, `updated_at`) VALUES
(113, 'baworks1753182383.jpg', '東區小東路', '衛浴翻修', '1', 'y', '2025-07-22 11:06:23', '2025-07-22 11:06:23'),
(117, 'baworks1753240153.jpg', '東區大同段', '電梯雙車', '2', 'y', '2025-07-23 03:09:13', '2025-07-23 04:04:54'),
(118, 'baworks1753240207.jpg', '同安路', '重建案例', '2', 'y', '2025-07-23 03:10:07', '2025-07-23 04:04:50'),
(119, 'baworks1753240260.jpg', '安南區商60', '七米電梯雙車', '2', 'y', '2025-07-23 03:11:00', '2025-07-23 04:04:44'),
(120, 'baworks1753243108.jpg', '府安路5段', '電梯雙車', '2', 'y', '2025-07-23 03:58:28', '2025-07-23 04:04:39'),
(122, 'baworks1753243346.jpg', '東區府連段', '重建案例', '2', 'y', '2025-07-23 04:02:26', '2025-07-23 04:02:26'),
(123, 'baworks1753243627.jpg', '新市區華美段', '重建案例', '2', 'y', '2025-07-23 04:07:07', '2025-07-23 04:07:07'),
(124, 'baworks1753243745.jpg', '溪東段913', '重建案例', '2', 'y', '2025-07-23 04:09:05', '2025-07-23 04:09:15'),
(125, 'baworks1753244124.jpg', '立德八路', '衛浴翻修', '1', 'y', '2025-07-23 04:15:24', '2025-07-23 04:15:24');

-- --------------------------------------------------------

--
-- 資料表結構 `workmore`
--

CREATE TABLE `workmore` (
  `id` int(10) UNSIGNED NOT NULL,
  `work_id` int(10) UNSIGNED NOT NULL,
  `cover` varchar(100) NOT NULL,
  `created_at` timestamp NULL DEFAULT NULL,
  `updated_at` timestamp NULL DEFAULT NULL
) ENGINE=InnoDB DEFAULT CHARSET=utf8mb4 COLLATE=utf8mb4_general_ci;

--
-- 傾印資料表的資料 `workmore`
--

INSERT INTO `workmore` (`id`, `work_id`, `cover`, `created_at`, `updated_at`) VALUES
(158, 113, 'baworkmore17532400160.jpg', '2025-07-23 03:06:56', '2025-07-23 03:06:56'),
(159, 113, 'baworkmore17532400161.jpg', '2025-07-23 03:06:56', '2025-07-23 03:06:56'),
(160, 113, 'baworkmore17532400162.jpg', '2025-07-23 03:06:56', '2025-07-23 03:06:56'),
(161, 113, 'baworkmore17532400163.jpg', '2025-07-23 03:06:56', '2025-07-23 03:06:56'),
(162, 113, 'baworkmore17532400164.jpg', '2025-07-23 03:06:56', '2025-07-23 03:06:56'),
(163, 113, 'baworkmore17532400165.jpg', '2025-07-23 03:06:56', '2025-07-23 03:06:56'),
(164, 113, 'baworkmore17532400166.jpg', '2025-07-23 03:06:56', '2025-07-23 03:06:56'),
(165, 113, 'baworkmore17532400167.jpg', '2025-07-23 03:06:56', '2025-07-23 03:06:56'),
(166, 113, 'baworkmore17532400168.jpg', '2025-07-23 03:06:56', '2025-07-23 03:06:56'),
(167, 113, 'baworkmore17532400169.jpg', '2025-07-23 03:06:56', '2025-07-23 03:06:56'),
(168, 113, 'baworkmore175324001610.jpg', '2025-07-23 03:06:56', '2025-07-23 03:06:56'),
(169, 113, 'baworkmore175324001611.jpg', '2025-07-23 03:06:56', '2025-07-23 03:06:56'),
(170, 117, 'baworkmore17532401530.jpg', '2025-07-23 03:09:13', '2025-07-23 03:09:13'),
(171, 117, 'baworkmore17532401531.jpg', '2025-07-23 03:09:13', '2025-07-23 03:09:13'),
(172, 117, 'baworkmore17532401532.jpg', '2025-07-23 03:09:13', '2025-07-23 03:09:13'),
(173, 117, 'baworkmore17532401533.jpg', '2025-07-23 03:09:13', '2025-07-23 03:09:13'),
(174, 117, 'baworkmore17532401534.jpg', '2025-07-23 03:09:13', '2025-07-23 03:09:13'),
(175, 117, 'baworkmore17532401535.jpg', '2025-07-23 03:09:13', '2025-07-23 03:09:13'),
(176, 117, 'baworkmore17532401536.jpg', '2025-07-23 03:09:13', '2025-07-23 03:09:13'),
(177, 117, 'baworkmore17532401537.jpg', '2025-07-23 03:09:13', '2025-07-23 03:09:13'),
(178, 117, 'baworkmore17532401538.jpg', '2025-07-23 03:09:13', '2025-07-23 03:09:13'),
(179, 117, 'baworkmore17532401539.jpg', '2025-07-23 03:09:13', '2025-07-23 03:09:13'),
(180, 117, 'baworkmore175324015310.jpg', '2025-07-23 03:09:13', '2025-07-23 03:09:13'),
(181, 117, 'baworkmore175324015311.jpg', '2025-07-23 03:09:13', '2025-07-23 03:09:13'),
(182, 117, 'baworkmore175324015312.jpg', '2025-07-23 03:09:13', '2025-07-23 03:09:13'),
(183, 117, 'baworkmore175324015313.jpg', '2025-07-23 03:09:13', '2025-07-23 03:09:13'),
(184, 117, 'baworkmore175324015314.jpg', '2025-07-23 03:09:13', '2025-07-23 03:09:13'),
(185, 117, 'baworkmore175324015315.jpg', '2025-07-23 03:09:13', '2025-07-23 03:09:13'),
(186, 118, 'baworkmore17532402070.jpg', '2025-07-23 03:10:07', '2025-07-23 03:10:07'),
(187, 118, 'baworkmore17532402071.jpg', '2025-07-23 03:10:07', '2025-07-23 03:10:07'),
(188, 118, 'baworkmore17532402072.jpg', '2025-07-23 03:10:07', '2025-07-23 03:10:07'),
(189, 118, 'baworkmore17532402073.jpg', '2025-07-23 03:10:07', '2025-07-23 03:10:07'),
(190, 118, 'baworkmore17532402074.jpg', '2025-07-23 03:10:07', '2025-07-23 03:10:07'),
(191, 118, 'baworkmore17532402075.jpg', '2025-07-23 03:10:07', '2025-07-23 03:10:07'),
(192, 118, 'baworkmore17532402076.jpg', '2025-07-23 03:10:07', '2025-07-23 03:10:07'),
(193, 118, 'baworkmore17532402077.jpg', '2025-07-23 03:10:07', '2025-07-23 03:10:07'),
(194, 118, 'baworkmore17532402078.jpg', '2025-07-23 03:10:07', '2025-07-23 03:10:07'),
(195, 118, 'baworkmore17532402079.jpg', '2025-07-23 03:10:07', '2025-07-23 03:10:07'),
(196, 119, 'baworkmore17532402600.jpg', '2025-07-23 03:11:00', '2025-07-23 03:11:00'),
(197, 119, 'baworkmore17532402601.jpg', '2025-07-23 03:11:00', '2025-07-23 03:11:00'),
(198, 119, 'baworkmore17532402602.jpg', '2025-07-23 03:11:00', '2025-07-23 03:11:00'),
(199, 119, 'baworkmore17532402603.jpg', '2025-07-23 03:11:00', '2025-07-23 03:11:00'),
(200, 119, 'baworkmore17532402604.jpg', '2025-07-23 03:11:00', '2025-07-23 03:11:00'),
(201, 119, 'baworkmore17532402605.jpg', '2025-07-23 03:11:00', '2025-07-23 03:11:00'),
(202, 119, 'baworkmore17532402606.jpg', '2025-07-23 03:11:00', '2025-07-23 03:11:00'),
(203, 119, 'baworkmore17532402607.jpg', '2025-07-23 03:11:00', '2025-07-23 03:11:00'),
(204, 119, 'baworkmore17532402608.jpg', '2025-07-23 03:11:00', '2025-07-23 03:11:00'),
(205, 119, 'baworkmore17532402609.jpg', '2025-07-23 03:11:00', '2025-07-23 03:11:00'),
(206, 120, 'baworkmore17532431080.jpg', '2025-07-23 03:58:28', '2025-07-23 03:58:28'),
(207, 120, 'baworkmore17532431081.jpg', '2025-07-23 03:58:28', '2025-07-23 03:58:28'),
(208, 120, 'baworkmore17532431082.jpg', '2025-07-23 03:58:28', '2025-07-23 03:58:28'),
(209, 120, 'baworkmore17532431083.jpg', '2025-07-23 03:58:28', '2025-07-23 03:58:28'),
(210, 120, 'baworkmore17532431084.jpg', '2025-07-23 03:58:28', '2025-07-23 03:58:28'),
(211, 120, 'baworkmore17532431085.jpg', '2025-07-23 03:58:28', '2025-07-23 03:58:28'),
(212, 120, 'baworkmore17532431086.jpg', '2025-07-23 03:58:28', '2025-07-23 03:58:28'),
(213, 120, 'baworkmore17532431087.jpg', '2025-07-23 03:58:28', '2025-07-23 03:58:28'),
(214, 120, 'baworkmore17532431088.jpg', '2025-07-23 03:58:28', '2025-07-23 03:58:28'),
(215, 122, 'baworkmore17532434060.jpg', '2025-07-23 04:03:26', '2025-07-23 04:03:26'),
(216, 122, 'baworkmore17532434061.jpg', '2025-07-23 04:03:26', '2025-07-23 04:03:26'),
(217, 122, 'baworkmore17532434062.jpg', '2025-07-23 04:03:26', '2025-07-23 04:03:26'),
(218, 122, 'baworkmore17532434063.jpg', '2025-07-23 04:03:26', '2025-07-23 04:03:26'),
(219, 122, 'baworkmore17532434064.jpg', '2025-07-23 04:03:26', '2025-07-23 04:03:26'),
(220, 122, 'baworkmore17532434065.jpg', '2025-07-23 04:03:26', '2025-07-23 04:03:26'),
(221, 122, 'baworkmore17532434066.jpg', '2025-07-23 04:03:26', '2025-07-23 04:03:26'),
(222, 122, 'baworkmore17532434067.jpg', '2025-07-23 04:03:26', '2025-07-23 04:03:26'),
(223, 122, 'baworkmore17532434068.jpg', '2025-07-23 04:03:26', '2025-07-23 04:03:26'),
(224, 122, 'baworkmore17532434069.jpg', '2025-07-23 04:03:26', '2025-07-23 04:03:26'),
(225, 123, 'baworkmore17532436270.jpg', '2025-07-23 04:07:07', '2025-07-23 04:07:07'),
(226, 123, 'baworkmore17532436271.jpg', '2025-07-23 04:07:07', '2025-07-23 04:07:07'),
(227, 123, 'baworkmore17532436272.jpg', '2025-07-23 04:07:07', '2025-07-23 04:07:07'),
(228, 123, 'baworkmore17532436273.jpg', '2025-07-23 04:07:07', '2025-07-23 04:07:07'),
(229, 123, 'baworkmore17532436274.jpg', '2025-07-23 04:07:07', '2025-07-23 04:07:07'),
(230, 123, 'baworkmore17532436275.jpg', '2025-07-23 04:07:07', '2025-07-23 04:07:07'),
(231, 123, 'baworkmore17532436276.jpg', '2025-07-23 04:07:07', '2025-07-23 04:07:07'),
(232, 123, 'baworkmore17532436277.jpg', '2025-07-23 04:07:07', '2025-07-23 04:07:07'),
(233, 123, 'baworkmore17532436278.jpg', '2025-07-23 04:07:07', '2025-07-23 04:07:07'),
(234, 123, 'baworkmore17532436279.jpg', '2025-07-23 04:07:07', '2025-07-23 04:07:07'),
(235, 123, 'baworkmore175324362710.jpg', '2025-07-23 04:07:07', '2025-07-23 04:07:07'),
(236, 123, 'baworkmore175324362711.jpg', '2025-07-23 04:07:07', '2025-07-23 04:07:07'),
(237, 123, 'baworkmore175324362712.jpg', '2025-07-23 04:07:07', '2025-07-23 04:07:07'),
(238, 123, 'baworkmore175324362713.jpg', '2025-07-23 04:07:07', '2025-07-23 04:07:07'),
(239, 123, 'baworkmore175324362714.jpg', '2025-07-23 04:07:07', '2025-07-23 04:07:07'),
(240, 123, 'baworkmore175324362715.jpg', '2025-07-23 04:07:07', '2025-07-23 04:07:07'),
(241, 123, 'baworkmore175324362716.jpg', '2025-07-23 04:07:07', '2025-07-23 04:07:07'),
(242, 123, 'baworkmore175324362717.jpg', '2025-07-23 04:07:07', '2025-07-23 04:07:07'),
(243, 123, 'baworkmore175324362718.jpg', '2025-07-23 04:07:07', '2025-07-23 04:07:07'),
(244, 123, 'baworkmore175324362719.jpg', '2025-07-23 04:07:07', '2025-07-23 04:07:07'),
(245, 124, 'baworkmore17532437450.jpg', '2025-07-23 04:09:05', '2025-07-23 04:09:05'),
(246, 124, 'baworkmore17532437451.jpg', '2025-07-23 04:09:05', '2025-07-23 04:09:05'),
(247, 124, 'baworkmore17532437452.jpg', '2025-07-23 04:09:05', '2025-07-23 04:09:05'),
(248, 124, 'baworkmore17532437453.jpg', '2025-07-23 04:09:05', '2025-07-23 04:09:05'),
(249, 124, 'baworkmore17532437454.jpg', '2025-07-23 04:09:05', '2025-07-23 04:09:05'),
(250, 124, 'baworkmore17532437455.jpg', '2025-07-23 04:09:05', '2025-07-23 04:09:05'),
(251, 124, 'baworkmore17532437456.jpg', '2025-07-23 04:09:05', '2025-07-23 04:09:05'),
(252, 124, 'baworkmore17532437457.jpg', '2025-07-23 04:09:05', '2025-07-23 04:09:05'),
(253, 124, 'baworkmore17532437458.jpg', '2025-07-23 04:09:05', '2025-07-23 04:09:05'),
(254, 124, 'baworkmore17532437459.jpg', '2025-07-23 04:09:05', '2025-07-23 04:09:05'),
(255, 124, 'baworkmore175324374510.jpg', '2025-07-23 04:09:05', '2025-07-23 04:09:05'),
(256, 125, 'baworkmore17532441240.jpg', '2025-07-23 04:15:24', '2025-07-23 04:15:24'),
(257, 125, 'baworkmore17532441241.jpg', '2025-07-23 04:15:24', '2025-07-23 04:15:24'),
(258, 125, 'baworkmore17532441242.jpg', '2025-07-23 04:15:24', '2025-07-23 04:15:24'),
(259, 125, 'baworkmore17532441243.jpg', '2025-07-23 04:15:24', '2025-07-23 04:15:24'),
(260, 125, 'baworkmore17532441244.jpg', '2025-07-23 04:15:24', '2025-07-23 04:15:24'),
(261, 125, 'baworkmore17532441245.jpg', '2025-07-23 04:15:24', '2025-07-23 04:15:24'),
(262, 125, 'baworkmore17532441246.jpg', '2025-07-23 04:15:24', '2025-07-23 04:15:24');

--
-- 已傾印資料表的索引
--

--
-- 資料表索引 `cache`
--
ALTER TABLE `cache`
  ADD PRIMARY KEY (`key`);

--
-- 資料表索引 `cache_locks`
--
ALTER TABLE `cache_locks`
  ADD PRIMARY KEY (`key`);

--
-- 資料表索引 `contact`
--
ALTER TABLE `contact`
  ADD PRIMARY KEY (`id`);

--
-- 資料表索引 `manager`
--
ALTER TABLE `manager`
  ADD PRIMARY KEY (`id`);

--
-- 資料表索引 `migrations`
--
ALTER TABLE `migrations`
  ADD PRIMARY KEY (`id`);

--
-- 資料表索引 `password_reset_tokens`
--
ALTER TABLE `password_reset_tokens`
  ADD PRIMARY KEY (`email`);

--
-- 資料表索引 `sessions`
--
ALTER TABLE `sessions`
  ADD PRIMARY KEY (`id`),
  ADD KEY `sessions_user_id_index` (`user_id`),
  ADD KEY `sessions_last_activity_index` (`last_activity`);

--
-- 資料表索引 `users`
--
ALTER TABLE `users`
  ADD PRIMARY KEY (`id`),
  ADD UNIQUE KEY `users_email_unique` (`email`);

--
-- 資料表索引 `work`
--
ALTER TABLE `work`
  ADD PRIMARY KEY (`id`);

--
-- 資料表索引 `workmore`
--
ALTER TABLE `workmore`
  ADD PRIMARY KEY (`id`);

--
-- 在傾印的資料表使用自動遞增(AUTO_INCREMENT)
--

--
-- 使用資料表自動遞增(AUTO_INCREMENT) `contact`
--
ALTER TABLE `contact`
  MODIFY `id` int(10) UNSIGNED NOT NULL AUTO_INCREMENT, AUTO_INCREMENT=36;

--
-- 使用資料表自動遞增(AUTO_INCREMENT) `manager`
--
ALTER TABLE `manager`
  MODIFY `id` int(10) UNSIGNED NOT NULL AUTO_INCREMENT, AUTO_INCREMENT=30;

--
-- 使用資料表自動遞增(AUTO_INCREMENT) `migrations`
--
ALTER TABLE `migrations`
  MODIFY `id` int(10) UNSIGNED NOT NULL AUTO_INCREMENT, AUTO_INCREMENT=11;

--
-- 使用資料表自動遞增(AUTO_INCREMENT) `users`
--
ALTER TABLE `users`
  MODIFY `id` bigint(20) UNSIGNED NOT NULL AUTO_INCREMENT, AUTO_INCREMENT=2;

--
-- 使用資料表自動遞增(AUTO_INCREMENT) `work`
--
ALTER TABLE `work`
  MODIFY `id` int(10) UNSIGNED NOT NULL AUTO_INCREMENT, AUTO_INCREMENT=126;

--
-- 使用資料表自動遞增(AUTO_INCREMENT) `workmore`
--
ALTER TABLE `workmore`
  MODIFY `id` int(10) UNSIGNED NOT NULL AUTO_INCREMENT, AUTO_INCREMENT=263;
COMMIT;

/*!40101 SET CHARACTER_SET_CLIENT=@OLD_CHARACTER_SET_CLIENT */;
/*!40101 SET CHARACTER_SET_RESULTS=@OLD_CHARACTER_SET_RESULTS */;
/*!40101 SET COLLATION_CONNECTION=@OLD_COLLATION_CONNECTION */;
